First Name,Last Name,Wages,Age,Nationality,Height,Weight,Team Name,League,Appearances,Lineups,Minutes,Number,Position,Rating,Captain,In,Out,Bench,Total Shots,On Target Shots,Total Goals,Conceded Goals,Assists,Saves,Total Passes,Key Passes,Pass Accuracy,Total Tackles,Blocks,Interceptions,Total Duels,Duels Won,Dribble Attempts,Dribble Success,Past Dribbles,Fouls Drawn,Fouls Committed,Yellow Cards,Red Cards,Penalties Won,Penalties Committed,Penalties Scored,Penalties Missed,Penalties Saved
Oleksandr,Zinchenko,"78,00,000",27,Ukraine,175 cm,64 kg,Arsenal,Premier League,27,22,1957,0,Defender,6.715384,0,5,4,5,5,1,0,0,0,0,1729,6,57,13,2,18,110,58,16,12,0,11,15,3,0,0,0,0,0,0
Thomas,Partey,"1,04,00,000",30,Ghana,185 cm,77 kg,Arsenal,Premier League,33,28,2485,0,Midfielder,7.10606,0,5,7,5,0,4,3,0,0,0,1946,26,51,69,5,1,278,163,42,34,0,23,37,5,0,0,0,0,0,0
Kai ,Havertz,,24,Germany,193 cm,83 kg,Arsenal,Premier League,12,30,2579,0,Midfielder,6.527272,0,5,15,5,0,33,7,0,2,0,869,38,20,34,0,0,363,3,56,17,0,0,60,5,0,0,0,1,0,0
Bukayo ,Saka,"36,40,000",22,England,178 cm,72 kg,Arsenal,Premier League,20,9,3194,0,Attacker,6.610714,0,1,1,21,13,14,1,0,1,0,250,9,26,13,0,1,157,45,128,59,0,25,43,6,0,0,0,2,0,0
Leandro,Trossard,"23,40,000",29,Belgium,172 cm,61 kg,Arsenal,Premier League,14,16,929,0,Attacker,7.02,0,10,11,0,4,0,0,0,10,0,389,5,17,12,0,6,99,49,21,15,0,17,9,0,0,0,0,0,0,0
Takehiro,Tomiyasu,"29,10,000",25,Japan,187 cm,70 kg,Arsenal,Premier League,21,6,853,0,Midfielder,6.821428,0,5,7,3,1,0,0,0,1,0,412,4,45,18,2,9,85,48,8,1,0,3,6,4,0,0,0,0,0,0
Martin,ÿdegaard,"59,80,000",25,Norway,178 cm,68 kg,Arsenal,Premier League,37,37,3272,0,Goalkeeper,7.8,0,1,0,0,60,33,15,0,7,0,1689,77,49,36,5,6,280,123,77,48,0,26,0,4,0,0,0,0,0,0
Fabio,Vieira,"23,60,000",23,Portugal,170 cm,58 kg,Arsenal,Premier League,22,3,3149,0,Midfielder,7.354054,0,0,23,0,9,2,1,0,2,0,267,12,43,6,0,4,49,20,17,6,0,5,30,0,0,0,0,0,0,0
Jakub ,Kiwior,"15,08,000",23,Poland,189 cm,75 kg,Arsenal,Premier League,7,5,499,0,Midfielder,6.652631,0,19,4,19,1,1,1,0,0,0,196,1,38,7,3,6,31,17,1,1,0,1,3,0,0,0,0,0,0,0
Gabriel ,Martinelli ,"46,80,000",22,Brazil,178 cm,75 kg,Arsenal,Premier League,36,34,427,0,Defender,7.158333,0,2,2,2,55,32,15,0,5,0,977,59,10,31,1,9,367,141,114,59,0,37,39,3,0,0,0,0,0,0
Benjamin ,White,,26,England,186 cm,76 kg,Arsenal,Premier League,23,36,3067,0,Midfielder,6.594117,0,8,6,13,11,6,2,0,0,0,290,27,13,16,11,12,81,39,8,4,0,6,15,4,0,0,0,0,0,0
Aaron ,Ramsdale,,25,England,188 cm,88 kg,Arsenal,Premier League,17,38,3420,0,Defender,6.907894,0,2,15,8,8,3,0,0,0,0,1951,0,44,60,0,6,249,37,23,8,0,30,0,5,0,0,0,0,0,0
William ,Saliba,,22,France,192 cm,92 kg,Arsenal,Premier League,38,27,2416,0,Goalkeeper,6.828947,0,0,0,2,6,0,2,43,5,95,934,6,62,1,10,22,12,12,1,1,0,4,19,1,0,0,0,0,0,0
Gabriel,Magalhaes,,26,Brazil,190 cm,78 kg,Arsenal,Premier League,38,38,3411,0,Defender,6.97037,0,0,2,0,26,10,3,0,1,0,1864,5,56,48,26,0,179,108,9,8,0,41,26,4,0,0,0,0,0,0
Robert,Holding,,28,England,189 cm,81 kg,Arsenal,Premier League,14,6,558,0,Defender,6.53,0,8,0,8,3,2,1,0,0,0,438,0,42,8,5,3,58,33,1,1,0,33,5,0,0,0,0,0,0,0
Granit,Xhaka,,31,Switzerland,186 cm,80 kg,Arsenal,Premier League,37,14,3004,0,Midfielder,7.027027,0,1,12,1,5,2,7,0,7,0,1571,47,36,25,10,15,234,123,23,13,0,39,25,3,0,0,0,0,0,0
Edward,Nketiah,,24,England,175 cm,72 kg,Arsenal,Premier League,16,10,1069,0,Attacker,7.02,0,21,9,10,13,5,7,0,10,0,389,23,7,12,1,6,99,45,28,15,0,17,30,3,0,0,0,0,0,0
Gabriel,Jesus,"1,37,80,000",26,Brazil,175 cm,73 kg,Arsenal,Premier League,26,24,2075,0,Attacker,7.11,0,2,13,2,62,32,11,0,2,0,674,32,21,33,3,0,423,176,92,43,0,4,43,6,0,0,0,1,0,0
Kieran,Tierney,,26,Scotland,178 cm,70 kg,Arsenal,Premier League,0,0,2566,0,Defender,0,0,0,1,0,0,0,1,33,0,0,894,4,24,0,0,0,69,0,0,0,0,0,5,2,0,0,0,0,0,0
Philippe,Coutinho ,,31,Brazil,172 cm,68 kg,Aston Villa,Premier League,20,7,781,0,Midfielder,6.655,0,13,6,13,16,8,1,0,0,0,357,8,14,19,1,4,117,50,29,14,0,14,16,3,0,0,0,0,0,0
Oliwier,Zych,,19,Poland,193 cm,62kg,Aston Villa,Premier League,21,0,1172,0,Goalkeeper,0,0,0,0,0,0,0,1,0,0,0,0,0,18,0,0,0,114,67,0,8,0,0,0,0,0,0,0,0,0,0
Mateus,Martins,,23,Brazil,175 cm,70 kg,Aston Villa,Premier League,0,0,1233,0,Attacker,0,0,2,5,9,2,2,0,0,2,0,207,0,18,19,0,0,0,8,0,0,0,0,11,1,0,0,0,0,0,0
Oliver ,Watkins,,28,England,180 cm,70 kg,Aston Villa,Premier League,8,36,3136,0,Defender,6.614285,0,1,10,5,2,0,0,0,0,0,246,31,10,19,5,10,39,18,53,17,0,4,26,4,0,0,0,1,1,0
Leon Patrick,Bailey Butler,,26,Jamaica,178 cm,77 kg,Aston Villa,Premier League,33,26,1779,0,Midfielder,6.725,0,3,7,2,4,3,1,0,0,0,441,1,7,14,0,2,31,12,28,37,0,22,29,4,0,0,0,0,0,0
Boubacar Bernard,Kamara,,24,France,184 cm,68 kg,Aston Villa,Premier League,20,18,1500,0,Defender,6.642424,0,10,8,4,4,14,0,0,4,0,938,31,9,58,12,6,231,127,4,16,0,31,19,4,0,0,0,0,0,0
Kortney ,Hause,,28,England,191 cm,77 kg,Aston Villa,Premier League,35,31,3150,0,Midfielder,6.754054,0,0,15,1,0,0,1,0,3,0,781,5,0,69,21,0,0,161,61,0,0,45,41,5,0,0,0,0,0,0
Tyrone ,Mings,,30,England,196 cm,77 kg,Aston Villa,Premier League,26,2,2697,0,Midfielder,0,0,4,1,1,4,0,6,0,7,0,1871,19,0,42,4,0,0,98,27,6,0,15,35,4,0,0,0,0,0,0
John,McGinn,,29,Scotland,178 cm,68 kg,Aston Villa,Premier League,38,2,1819,0,Defender,6.914285,0,6,1,1,29,13,0,0,0,0,139,42,46,1,8,24,166,7,0,16,0,64,21,0,0,0,0,0,0,0
Jacob ,Ramsey,,22,England,180 cm,68kg,Aston Villa,Premier League,3,2,3322,0,Defender,7.005882,0,1,1,1,24,1,0,0,0,0,139,8,23,1,5,26,345,7,0,5,0,0,12,0,0,0,0,0,0,0
Alexandre,Moreno Lopera,,30,Spain,179 cm,68 kg,Aston Villa,Premier League,37,14,2933,0,Midfielder,6.566666,0,5,10,5,22,0,6,0,6,0,578,1,37,73,3,1,310,162,39,0,0,0,2,3,0,0,0,0,0,0
Filip,Marschall,,20,England,195 cm,87 kg,Aston Villa,Premier League,19,0,1334,0,Goalkeeper,7.1,0,0,0,0,10,3,0,0,0,0,0,22,37,0,0,0,160,0,50,23,0,0,2,0,0,0,0,0,0,0
Toni,Domgjoni,,25,Kosovo,179 cm,74 kg,Aston Villa,Premier League,2,0,2340,0,Midfielder,6.7,0,2,0,0,0,0,0,0,0,78,7,0,0,0,0,3,10,9,0,5,0,5,0,0,0,0,0,0,0,0
Jan ,Bednarek,,27,Poland,189 cm,84 kg,Aston Villa,Premier League,18,1,1514,0,Defender,6.866666,0,0,1,0,0,0,0,0,0,0,66,0,20,3,1,2,5,4,0,0,0,1,1,5,0,0,0,0,0,0
Antoine ,Semenyo,,23,Ghana,185 cm,79 kg,Bournemouth,Premier League,27,12,1270,0,Attacker,6.647619,0,15,5,15,2,9,1,0,0,0,353,5,4,1,5,2,248,113,8,1,0,30,26,0,0,0,0,0,0,0
Kieffer ,Moore,,31,Wales,196 cm,89 kg,Bournemouth,Premier League,25,24,2185,0,Defender,6.647619,0,1,1,1,22,2,4,0,1,0,353,5,9,14,18,1,253,150,8,13,0,12,42,1,0,0,0,0,0,0
Ryan,Christie,,28,Scotland,178 cm,79 kg,Bournemouth,Premier League,32,22,1841,0,Midfielder,6.634375,0,2,17,10,18,9,1,0,0,0,613,30,16,34,4,26,299,132,79,37,0,45,37,5,0,0,0,0,0,0
Tyler Shaan,Adams,,24,USA,173 cm,72 kg,Bournemouth,Premier League,36,24,2157,0,Midfielder,7.004166,0,2,0,0,2,0,0,0,1,0,1323,26,45,89,8,35,249,142,19,7,0,21,30,5,0,0,0,0,0,0
Philip,Billing,,27,Denmark,193 cm,83 kg,Bournemouth,Premier League,36,34,2786,0,Midfielder,6.916666,0,2,23,2,28,18,7,0,1,0,1008,26,22,63,8,31,317,174,39,24,0,35,30,5,0,0,0,0,0,0
Lewis,Cook,,26,England,175 cm,71 kg,Bournemouth,Premier League,28,18,1712,0,Midfielder,6.707142,0,1,2,4,2,0,0,0,7,0,703,21,21,1,10,6,24,60,9,2,0,1,15,4,0,0,0,0,0,0
Dominic ,Solanke,,26,England,187 cm,80 kg,Bournemouth,Premier League,33,32,1748,0,Midfielder,6.80606,0,4,4,10,3,29,6,0,4,0,514,19,10,37,7,9,135,161,16,6,0,53,41,2,0,0,0,0,0,0
Emiliano,Marcondes Camargo Hansen,,28,Denmark,182 cm,75 kg,Bournemouth,Premier League,1,0,1018,0,Midfielder,6.2,0,8,1,9,0,0,0,0,1,0,1,8,1,1,0,9,45,1,5,3,0,1,0,0,0,0,0,0,0,0
Joseph,Rothwell,,28,England,185 cm,77 kg,Bournemouth,Premier League,20,12,1270,0,Attacker,6.61,0,15,0,1,2,2,0,0,0,0,429,5,9,0,3,1,1,40,0,0,0,3,17,2,0,0,0,0,0,0
Kieffer Roberto Francisco,Moore,,31,Wales,196 cm,89 kg,Bournemouth,Premier League,27,12,1270,0,Attacker,6.647619,0,15,5,8,22,9,4,0,0,0,353,5,9,20,5,1,84,113,23,16,0,30,26,1,0,0,0,0,0,0
Dango Aboubacar Faissal,Ouattara,,21,Burkina Faso,177 cm,71 kg,Bournemouth,Premier League,19,15,1245,0,Attacker,6.816666,0,4,0,6,18,5,0,0,3,0,295,18,10,28,3,13,216,104,68,31,0,15,1,0,0,0,0,0,0,0
Ryan,Fredericks,,31,England,181 cm,74 kg,Bournemouth,Premier League,33,5,530,0,Defender,0,0,7,11,2,25,10,0,0,0,0,0,9,10,3,1,0,0,0,24,1,0,7,43,0,0,0,0,0,0,0
Christopher,Mepham,,26,Wales,193 cm,88 kg,Bournemouth,Premier League,17,24,2198,0,Defender,6.758823,0,2,4,7,7,0,0,0,1,0,215,1,32,45,2,3,219,98,6,6,0,27,3,3,0,0,0,0,0,0
Adam,Smith,,32,England,180 cm,78 kg,Bournemouth,Premier League,12,34,2949,0,Defender,6.333333,0,3,1,3,2,4,7,0,3,0,163,4,16,49,27,30,33,10,23,53,0,21,28,1,0,0,0,0,0,0
Lloyd ,Kelly,,25,England,178 cm,70 kg,Bournemouth,Premier League,23,23,2041,0,Defender,0,0,0,1,0,1,0,0,0,2,0,1037,7,36,33,15,26,0,75,6,1,0,5,17,0,0,0,0,0,0,0
Jefferson,Lerma,,29,Colombia,179 cm,70 kg,Bournemouth,Premier League,32,37,3256,0,Midfielder,6.894594,0,0,4,0,32,12,5,0,0,0,1588,18,35,50,15,47,284,158,22,13,0,16,37,7,0,0,0,0,0,0
David,Raya,,28,Spain,183 cm,80 kg,Brentford,Premier League,28,38,2062,0,Goalkeeper,7.189473,0,5,0,0,1,16,5,0,0,154,989,2,30,0,0,7,270,162,1,45,0,5,27,1,0,0,0,0,0,0
Kristoffer,Vassbakk,,25,Norway,198 cm,92 kg,Brentford,Premier League,9,9,766,0,Defender,6.829411,0,0,3,0,17,7,0,0,0,0,222,7,24,11,3,7,69,34,4,0,0,8,5,0,0,0,0,0,0,0
Ethan ,Pinnock,,30,Jamaica,187 cm,79 kg,Brentford,Premier League,30,30,1599,0,Midfielder,6.743243,0,22,15,0,29,15,7,0,3,0,327,13,29,52,0,35,239,86,3,19,0,26,21,3,0,0,0,0,0,0
Yoane,Wissa,,27,Congo DR,176 cm,74 kg,Brentford,Premier League,38,16,1068,0,Defender,6.628571,0,12,5,22,8,5,1,0,0,0,473,7,6,17,0,6,178,83,34,25,0,11,15,4,0,0,0,0,0,0
William,Crellin,,23,England,185 cm,60 kg,Brentford,Premier League,19,24,2931,0,Midfielder,0,0,2,11,0,11,1,0,0,1,0,0,0,11,26,9,29,0,0,21,43,0,0,1,5,0,0,0,0,0,0
Shandon,Baptiste,,25,Grenada,175 cm,67 kg,Brentford,Premier League,19,3,2208,0,Attacker,0,0,11,3,2,4,0,0,0,0,0,809,53,0,54,1,15,338,127,14,7,0,23,14,0,0,0,0,1,0,0
Yehor,Yarmolyuk,,19,Ukraine,180 cm,72 kg,Brentford,Premier League,0,0,2496,0,Midfielder,6.677777,0,4,13,4,0,1,0,0,0,0,0,22,19,72,6,0,347,0,40,0,0,49,0,9,0,0,0,0,0,0
Mathias,Jattah-Njie J√∏rgensen,,33,Denmark,191 cm,79 kg,Brentford,Premier League,18,11,1098,0,Defender,6.661111,0,7,2,7,4,1,0,0,0,0,444,3,21,17,12,16,77,38,1,0,0,4,9,2,0,0,0,0,0,0
Mads,Roerslev Rasmussen,,24,Denmark,184 cm,77 kg,Brentford,Premier League,20,12,1102,0,Defender,6.657894,0,8,2,8,3,1,0,0,0,0,263,8,9,22,5,9,79,36,6,3,0,3,4,0,0,0,0,0,0,0
Ogochukwu Frank,Onyeka,,25,Nigeria,183 cm,70 kg,Brentford,Premier League,21,8,843,0,Midfielder,6.580952,0,13,8,13,7,4,0,0,2,0,253,7,9,20,3,10,126,63,21,10,0,26,15,0,0,0,0,0,0,0
Benjamin,Mee,,34,England,180 cm,74 kg,Brentford,Premier League,37,37,3272,0,Defender,7.097297,0,0,3,0,25,7,3,0,1,0,1658,7,34,45,42,48,334,203,13,12,0,15,14,2,0,0,0,0,0,0
Rico Antonio,Henry,,26,England,170 cm,67 kg,Brentford,Premier League,37,37,3244,0,Defender,6.718918,0,0,8,0,11,4,0,0,2,0,973,23,19,57,8,30,323,159,42,25,0,37,32,4,0,0,0,0,0,0
Pelenda,Dasilva,,25,England,184 cm,75 kg,Brentford,Premier League,36,14,1380,0,Midfielder,6.657142,0,22,14,22,11,6,4,0,2,0,572,13,13,18,6,5,143,75,43,28,0,23,14,1,0,0,0,0,0,0
Christian,Thers N√∏rgaard,,29,Denmark,187 cm,77 kg,Brentford,Premier League,22,21,1771,0,Midfielder,6.981818,0,1,9,1,15,10,1,0,3,0,793,12,27,52,9,34,200,98,18,8,0,20,35,6,0,0,0,0,0,0
Aaron,Hickey,,21,Scotland,178 cm,72 kg,Brentford,Premier League,26,23,1929,0,Defender,6.584,0,3,15,3,7,2,0,0,1,0,727,6,24,39,7,17,189,105,35,17,0,35,20,7,0,0,0,0,0,0
Mathias,Jensen,,27,Denmark,180 cm,68 kg,Brentford,Premier League,37,37,2830,0,Midfielder,7.045945,0,0,27,0,18,7,5,0,6,0,1217,50,24,71,5,32,297,130,51,23,0,25,32,5,0,0,0,0,0,0
Kevin,Schade,,22,Germany,183 cm,74 kg,Brentford,Premier League,18,7,727,0,Midfielder,6.623529,0,11,6,11,10,4,0,0,1,0,156,9,6,12,0,4,131,62,30,12,0,8,13,2,0,0,0,0,0,0
Sergi,Can√≥s Ten√©s,,26,Spain,177 cm,75 kg,Brentford,Premier League,7,1,529,0,Attacker,6.928571,0,1,1,1,4,2,1,0,0,0,306,11,16,0,0,2,12,6,1,1,0,2,7,0,0,0,0,0,0,0
James,Hill,,21,England,184 cm,73 kg,Brentford,Premier League,8,0,648,0,Defender,0,0,15,0,0,5,6,3,0,0,0,0,0,0,15,2,15,0,22,3,0,0,0,0,0,0,0,0,0,0,0
Bryan Tetsadong Marceau,Mbeumo,,24,Cameroon,173 cm,64 kg,Brentford,Premier League,19,14,1277,0,Defender,6.666666,0,5,3,5,4,1,0,0,0,0,473,5,19,49,4,15,150,82,22,10,0,13,14,3,0,0,0,0,0,0
Hans Carl Ludwig,Augustinsson,,29,Sweden,181 cm,74 kg,Brighton,Premier League,0,0,1610,0,Attacker,6.3,0,1,4,2,6,5,0,0,2,0,91,5,0,3,0,0,114,0,0,0,0,0,35,0,0,0,0,0,0,0
Daniel,Welbeck,,33,England,185 cm,73 kg,Brighton,Premier League,32,27,1858,0,Midfielder,6.854838,0,10,14,10,49,23,6,0,3,0,439,30,32,15,4,5,182,83,54,18,0,18,25,0,0,0,0,0,0,0
Kaoru,Mitoma,,26,Japan,178 cm,72 kg,Brighton,Premier League,19,10,950,0,Attacker,6.863157,0,9,7,9,42,18,7,0,2,0,223,41,9,13,0,4,297,146,112,7,0,11,29,1,0,0,0,0,0,0
Evan,Ferguson,,19,Republic of Ireland,183 cm,78 kg,Brighton,Premier League,19,10,950,0,Attacker,6.863157,0,9,8,9,28,21,6,0,2,0,223,11,9,44,1,17,86,33,12,7,0,11,9,1,0,0,0,0,0,0
Facundo,Buonanotte,,19,Argentina,174 cm,66 kg,Brighton,Premier League,13,6,563,0,Midfielder,6.530769,0,7,5,7,0,3,1,0,1,0,186,6,12,2,0,0,63,18,0,7,0,7,0,2,0,0,0,0,0,0
Adam,Lallana,,35,England,172 cm,73 kg,Brighton,Premier League,16,12,729,0,Midfielder,6.643333,0,4,12,4,8,5,2,0,1,0,310,14,16,9,0,2,58,27,6,3,0,15,2,0,0,0,0,0,0,0
Jo√´l Ivo,Veltman,,31,Netherlands,184 cm,75 kg,Brighton,Premier League,31,25,2194,0,Defender,6.47,0,6,11,6,12,2,1,0,1,0,1297,10,35,62,8,19,212,131,13,5,0,3,27,6,0,0,0,0,0,0
Jason Sean,Steele,,33,England,188 cm,79 kg,Brighton,Premier League,36,15,1350,0,Goalkeeper,6.922222,0,0,0,0,0,3,0,23,0,0,490,1,28,0,27,0,4,3,1,1,0,27,1,1,0,0,0,0,0,0
Lewis Carl,Dunk,,32,England,192 cm,88 kg,Brighton,Premier League,37,36,3240,0,Defender,7.272972,0,0,1,0,17,19,1,0,8,0,3208,9,80,30,10,34,218,129,4,4,0,18,18,4,0,0,0,0,0,0
Pascal,Gross,,32,Germany,181 cm,78 kg,Brighton,Premier League,33,37,3246,0,Midfielder,7.3,0,0,7,2,26,33,7,0,7,0,2027,82,47,59,3,13,231,178,29,16,0,39,35,7,0,0,0,0,0,0
Solomon,March,,29,England,180 cm,88 kg,Brighton,Premier League,27,31,2726,0,Midfielder,6.832,0,2,13,4,16,2,0,0,0,0,1101,67,26,53,19,24,145,91,92,57,0,6,46,2,0,0,0,0,0,0
Adam,Webster,,28,England,191 cm,75 kg,Brighton,Premier League,37,23,1987,0,Defender,6.837837,0,4,6,1,70,47,15,0,6,0,549,6,55,22,4,19,362,144,7,3,0,39,10,2,0,0,0,0,0,0
Pervis Josu√©,Estupi√±√°n Tenorio,,25,Ecuador,175 cm,73 kg,Brighton,Premier League,14,7,2682,0,Midfielder,6.663636,0,4,11,7,3,1,0,0,1,0,403,2,38,5,2,6,40,15,37,19,0,3,8,1,0,0,0,0,0,0
Tariq Kwame,Nii-Lante Lamptey,,23,Ghana,163 cm,55 kg,Brighton,Premier League,20,3,438,0,Defender,6.517647,0,0,0,17,4,0,0,0,0,0,232,4,28,11,3,7,65,35,4,8,0,14,6,1,0,0,0,0,0,0
Alexis,Mac Allister,,25,Argentina,176 cm,69 kg,Brighton,Premier League,35,31,2886,0,Midfielder,7.194285,0,4,4,4,66,34,10,0,2,0,1803,47,44,70,2,22,331,191,60,39,0,57,35,8,0,0,0,6,0,0
Mat√∫≈°,Bero,,28,Slovakia,181 cm,81 kg,Brighton,Premier League,22,0,618,0,Midfielder,6.69,0,0,6,16,0,0,5,0,0,0,162,0,6,0,0,0,0,20,6,4,0,0,15,0,0,0,0,0,0,0
Billy,Gilmour,,22,Scotland,166 cm,60 kg,Brighton,Premier League,0,0,506,0,Midfielder,6.663636,0,7,5,0,3,1,0,0,1,0,403,2,28,5,2,6,40,15,4,2,0,3,8,0,0,0,0,0,0,0
Carney,Chukwuemeka,,20,England,187 cm,77 kg,Chelsea,Premier League,0,0,645,0,Midfielder,6.691666,0,0,0,10,6,1,0,0,0,0,200,8,3,13,1,6,42,24,10,5,0,5,2,0,0,0,0,0,0,0
Conor,Gallagher,,23,England,182 cm,77 kg,Chelsea,Premier League,15,7,655,0,Midfielder,6.747058,0,3,6,8,12,11,3,0,2,0,809,21,10,11,1,23,270,41,48,23,0,12,35,10,0,0,0,0,0,0
Mateo,Kovacic,,29,Croatia,177 cm,78 kg,Chelsea,Premier League,4,17,360,0,Goalkeeper,6.45,0,0,0,10,0,0,0,11,0,16,102,0,10,36,0,0,4,3,0,0,0,12,0,8,0,0,0,0,0,0
Enzo,Fernandez,,22,Argentina,178 cm,76 kg,Chelsea,Premier League,18,18,1411,0,Attacker,6.714814,0,0,4,0,32,15,0,0,1,0,219,10,70,45,4,16,172,91,30,17,0,22,11,3,0,0,0,0,0,0
Kalidou,Koulibaly,,32,Senegal,195 cm,89 kg,Chelsea,Premier League,12,20,1800,0,Defender,7.117391,0,0,2,3,0,0,2,0,1,0,1449,0,54,0,13,29,0,0,6,4,0,9,22,6,0,0,0,0,0,0
Jorge Luiz,Frello Filho,,32,Italy,180 cm,65 kg,Chelsea,Premier League,18,9,1326,0,Midfielder,6.821428,0,0,3,5,4,0,2,0,1,0,732,5,17,18,2,9,93,49,8,3,0,18,9,1,0,0,0,0,0,0
Callum James,Hudson-Odoi,,23,England,182 cm,76 kg,Chelsea,Premier League,36,36,3240,0,Goalkeeper,6.685714,0,11,0,0,0,0,1,0,0,0,1012,0,18,1,0,0,108,17,0,2,0,12,0,0,0,0,0,0,0,0
Raheem,Sterling,,29,England,172 cm,69 kg,Chelsea,Premier League,28,23,1903,0,Attacker,6.8,0,5,16,5,29,18,1,0,5,0,630,34,17,18,0,2,17,94,85,39,0,32,42,4,0,0,0,0,0,0
Antonee,Robinson,,26,USA,183 cm,70 kg,Chelsea,Premier League,37,35,2083,0,Defender,0,0,8,18,2,13,0,0,0,1,0,0,0,32,30,13,0,293,105,33,0,0,5,0,0,0,0,0,0,0,0
Malang Mamadou William Georges,Sarr,,24,France,183 cm,73 kg,Chelsea,Premier League,35,35,2882,0,Defender,6.52,0,8,1,0,3,5,0,0,0,0,184,10,0,44,0,0,0,163,33,13,0,23,8,1,0,0,0,0,0,0
Mykhailo,Mudryk,,22,Ukraine,175 cm,61 kg,Chelsea,Premier League,0,0,3089,0,Midfielder,6.52,0,17,0,0,0,5,0,0,2,0,184,10,10,62,1,0,96,41,46,13,0,0,8,1,0,0,0,0,0,0
Mois√©s Isaac,Caicedo Corozo,,22,Ecuador,178 cm,73 kg,Chelsea,Premier League,35,7,655,0,Midfielder,7.064864,0,5,6,8,12,6,1,0,1,0,2209,43,20,11,10,56,374,123,57,27,0,12,65,10,0,0,0,0,0,0
Chukwunonso Tristan,Madueke,,21,England,176 cm,75 kg,Chelsea,Premier League,12,2,1614,0,Midfielder,6.833333,0,10,9,3,17,5,1,0,1,0,260,13,53,46,7,4,115,25,11,33,0,35,4,0,0,0,0,0,0,0
Armando,Broja,,22,Albania,191 cm,83 kg,Chelsea,Premier League,14,2,3140,0,Attacker,6.572727,0,12,2,5,13,1,1,0,0,0,53,1,17,12,2,1,62,24,10,6,0,15,2,0,0,0,0,0,0,0
Beno√Æt Ntambue,Badiashile Mukinayi Baya,,22,France,194 cm,75 kg,Chelsea,Premier League,11,10,904,0,Defender,7.00909,0,1,0,1,4,2,1,0,0,0,855,5,69,14,2,16,88,56,3,1,0,6,9,2,0,0,0,0,0,0
Thiago,Emiliano da Silva,,39,Brazil,183 cm,79 kg,Chelsea,Premier League,27,26,2352,0,Defender,7.285185,0,14,1,1,10,2,0,0,2,0,2030,8,68,41,29,34,160,118,3,3,0,16,10,2,0,0,0,0,0,0
Marcus,Bettinelli,,31,England,194 cm,82 kg,Chelsea,Premier League,25,0,1244,0,Defender,0,0,2,0,0,10,4,0,0,0,0,0,4,43,0,2,0,146,0,0,20,0,18,9,0,0,0,0,0,0,0
Reece Lewis,James,,24,England,182 cm,82 kg,Chelsea,Premier League,15,18,1604,0,Defender,6.826666,0,7,2,2,6,2,1,0,1,0,852,2,51,31,7,12,135,92,31,7,0,8,11,4,0,0,0,0,0,0
Trevoh Thomas,Chalobah,,24,England,190 cm,75 kg,Chelsea,Premier League,2,12,1185,0,Defender,6.826666,0,3,3,7,6,2,0,0,0,0,1140,2,51,30,10,24,138,77,9,8,0,22,11,4,0,0,0,0,0,0
Marc,Cucurella Saseta,,25,Spain,172 cm,66 kg,Chelsea,Premier League,0,0,1678,0,Defender,6.9,0,0,11,3,3,0,0,0,0,0,1090,11,39,66,8,16,179,90,11,5,0,21,16,1,0,0,0,0,0,0
Lucas Carl Edvard,Bergstr√∂m,,21,Finland,199 cm,82 kg,Chelsea,Premier League,0,0,1218,0,Goalkeeper,0,0,0,2,4,0,0,0,0,2,0,1148,0,0,8,3,0,99,64,0,1,0,10,0,0,0,0,0,0,0,0
Joao,Felix,,24,Portugal,181 cm,70 kg,Chelsea,Premier League,16,11,944,0,Defender,6.66875,0,5,10,5,28,16,4,0,0,0,329,7,16,23,0,1,104,68,50,22,0,29,15,3,1,0,0,0,0,0
Christian ,Pulisic,,25,USA,177 cm,69 kg,Chelsea,Premier League,19,16,812,0,Midfielder,6.547826,0,16,8,17,14,2,1,0,4,0,276,12,10,14,2,4,105,42,15,11,0,15,10,7,0,0,0,0,0,0
Nampalys,Mendy,,31,Senegal,167 cm,73 kg,Chelsea,Premier League,25,13,1181,0,Midfielder,6.77931,0,6,11,6,23,16,4,0,1,0,0,16,6,25,2,7,0,62,49,27,0,15,23,2,0,0,0,0,0,0
Mark,Travers,,24,Republic of Ireland,191 cm,82 kg,Chelsea,Premier League,0,19,1543,0,Attacker,6.7375,0,6,0,0,23,2,4,0,1,0,0,0,6,0,0,7,0,108,0,0,0,15,23,1,0,0,0,0,0,0
Pierre-Emerick Emiliano Fran√ßo,Aubameyang,,34,Gabon,187 cm,80 kg,Chelsea,Premier League,15,5,550,0,Attacker,6.48,0,10,6,17,13,7,1,0,0,0,108,4,6,1,0,2,31,47,5,3,0,1,5,1,0,0,0,0,0,0
Kepa,Arrizabalaga Revuelta,,29,Spain,189 cm,84 kg,Chelsea,Premier League,0,0,1522,0,Defender,0,0,9,1,1,4,2,1,0,0,0,306,1,40,14,8,7,69,43,12,1,0,7,27,2,0,0,0,0,0,0
Marcos,Alonso Mendoza,,33,Spain,188 cm,84 kg,Chelsea,Premier League,25,16,529,0,Defender,6.8375,0,1,1,1,4,2,1,0,0,0,306,1,40,14,8,7,69,43,1,1,0,4,7,2,0,0,0,0,0,0
C√©sar,Azpilicueta Tanco,,34,Spain,178 cm,76 kg,Chelsea,Premier League,7,6,529,0,Defender,6.928571,0,1,1,1,4,2,1,0,0,0,306,1,40,14,8,7,69,43,1,1,0,4,7,2,0,0,0,0,0,0
Ruben Ira,Loftus-Cheek,,27,England,191 cm,88 kg,Chelsea,Premier League,30,13,1181,0,Attacker,6.77931,0,17,11,17,23,16,4,0,4,0,275,17,6,14,2,7,164,62,15,7,0,15,23,2,0,0,0,0,0,0
Benjamin James,Chilwell,,27,England,178 cm,77 kg,Chelsea,Premier League,25,15,1817,0,Attacker,6.854545,0,2,5,8,51,4,2,0,2,48,759,29,21,21,2,18,181,76,19,7,0,25,13,3,0,0,0,0,0,0
N'Golo,Kant√©,,32,France,168 cm,68 kg,Chelsea,Premier League,35,8,709,0,Attacker,7.3,0,1,3,5,5,16,6,0,1,0,325,13,9,16,0,50,54,32,16,12,0,24,5,1,0,0,0,3,0,0
Luka,Milivojeviƒá,,32,Serbia,186 cm,80 kg,Crystal Palace,Premier League,38,5,3420,0,Midfielder,6.629411,0,0,0,13,5,9,1,0,1,0,1613,15,34,13,4,51,310,200,9,8,0,3,40,2,0,0,0,0,0,0
Cheick Oumar,Doucour√©,,23,Mali,180 cm,73 kg,Crystal Palace,Premier League,34,34,2786,0,Midfielder,7,0,0,17,0,24,7,0,0,3,0,1239,26,30,77,13,56,248,135,21,15,0,13,38,10,0,0,0,0,0,0
Odsonne,√âdouard,,25,France,187 cm,83 kg,Crystal Palace,Premier League,35,31,2116,0,Midfielder,7.605405,0,7,18,3,70,1,1,0,2,0,1856,17,8,55,27,33,181,110,59,14,0,17,28,6,0,0,0,0,0,0
Jordan Pierre,Ayew,,32,Ghana,182 cm,80 kg,Crystal Palace,Premier League,6,6,1657,0,Defender,6.555555,0,8,4,23,20,7,0,0,0,0,41,0,16,40,0,0,127,85,19,0,0,2,2,0,0,0,0,0,0,0
Ja√Øro Jocquim,Riedewald,,27,Netherlands,182 cm,79 kg,Crystal Palace,Premier League,22,0,1392,0,Midfielder,0,0,1,6,1,0,0,0,0,0,0,146,0,27,7,0,3,0,0,0,6,0,27,39,3,0,0,0,0,0,0
Joachim Christian,Andersen,,27,Denmark,192 cm,90 kg,Crystal Palace,Premier League,22,32,2784,0,Defender,6.990625,0,0,2,0,20,9,1,0,0,0,352,12,48,18,13,24,233,150,9,5,0,15,27,8,0,0,0,0,0,0
William James,Hughes,,28,England,185 cm,74 kg,Crystal Palace,Premier League,34,7,828,0,Midfielder,6.642307,0,20,6,20,4,4,1,0,1,0,854,6,11,66,7,23,97,44,47,3,0,33,19,4,0,0,0,0,0,0
Jeffrey,Schlupp,,31,Ghana,178 cm,72 kg,Crystal Palace,Premier League,6,3,2546,0,Midfielder,6.679411,0,4,19,4,19,9,3,0,1,0,171,18,18,4,8,5,24,12,1,28,0,1,51,7,0,0,0,0,0,0
James Oliver Charles,Tomkins,,34,England,192 cm,74 kg,Crystal Palace,Premier League,28,24,336,0,Defender,6.44,0,3,0,3,2,2,1,0,0,0,1002,0,27,50,2,25,215,126,8,7,0,11,29,2,0,0,0,0,0,0
Joel Edward Philip,Ward,,34,England,188 cm,83 kg,Crystal Palace,Premier League,22,19,2254,0,Defender,6.778571,0,4,2,4,3,2,1,0,0,0,660,9,24,27,16,19,90,46,10,5,0,8,10,6,0,0,0,0,0,0
Samuel Luke,Johnstone,,30,England,193 cm,85 kg,Crystal Palace,Premier League,38,30,810,0,Goalkeeper,6.977777,0,0,0,0,0,0,0,0,0,0,1083,0,24,42,0,13,357,186,109,68,0,57,27,3,0,0,0,1,0,0
Eberechi Oluchi,Eze,,25,England,178 cm,74 kg,Crystal Palace,Premier League,37,31,2643,0,Midfielder,7.086842,0,6,15,8,52,14,10,0,4,0,1158,57,25,58,0,26,404,198,113,54,0,69,28,2,0,0,0,0,0,0
Michael Akpovie,Olise,,22,France,184 cm,76 kg,Crystal Palace,Premier League,37,37,2757,0,Midfielder,7.135135,0,0,14,6,29,6,2,0,0,0,2201,72,50,52,24,45,253,160,17,14,0,40,24,8,0,0,0,0,0,0
Addji Keaninkin Marc-Israel,Gu√©hi,,23,England,182 cm,82 kg,Crystal Palace,Premier League,9,4,3330,0,Defender,6.954054,0,5,0,0,11,0,1,0,0,0,195,10,18,9,1,8,34,24,0,0,0,1,2,0,0,0,0,0,0,0
Christopher Jeffrey,Richards,,23,USA,188 cm,87 kg,Crystal Palace,Premier League,0,0,442,0,Defender,6.6375,0,0,0,5,3,0,0,0,0,0,0,0,0,0,0,0,0,0,0,0,0,0,0,0,0,0,0,0,0,0
Tyrick Kwon,Mitchell,,24,England,175 cm,68 kg,Crystal Palace,Premier League,36,34,2896,0,Midfielder,6.647222,0,2,6,2,3,1,0,0,2,0,1198,15,24,71,11,42,230,123,26,17,0,10,33,5,1,0,0,0,0,0
Jordan Bhekithemba,Zemura,,24,Zimbabwe,173 cm,63 kg,Crystal Palace,Premier League,27,17,2430,0,Goalkeeper,6.988888,0,0,0,0,3,1,0,34,1,0,701,18,17,40,9,0,15,14,0,0,0,3,1,1,0,0,0,0,0,0
Daniel,Ward,,30,Wales,191 cm,88 kg,Crystal Palace,Premier League,26,26,2340,0,Goalkeeper,6.734615,0,0,0,0,0,0,0,46,0,78,784,0,21,1,0,0,10,9,0,0,0,5,0,0,0,0,0,0,0,2
Benjamin,Godfrey,,25,England,183 cm,74 kg,Everton,Premier League,0,4,2955,0,Attacker,6.384615,0,0,4,0,2,0,0,0,0,0,736,3,0,0,2,0,0,220,9,14,0,0,0,2,0,0,0,0,0,0
Allan,Marques Loureiro,,32,Brazil,174 cm,77 kg,Everton,Premier League,20,7,781,0,Midfielder,6.655,0,13,6,13,16,8,1,0,0,0,357,8,14,19,1,4,117,50,29,14,0,14,16,3,0,0,0,0,0,0
James Alan,Tarkowski,,31,England,185 cm,81 kg,Everton,Premier League,17,38,996,0,Defender,7.236842,0,6,6,0,20,8,4,0,2,0,446,13,21,50,78,6,190,81,57,32,0,23,20,6,0,0,0,0,0,0
Jordan Lee,Pickford,,29,England,185 cm,82 kg,Everton,Premier League,37,37,1551,0,Midfielder,7.161111,0,0,0,0,13,3,0,57,2,124,1421,20,16,0,2,4,19,13,0,0,0,5,1,6,0,0,0,0,0,0
Thomas,Davies,,25,England,180 cm,70 kg,Everton,Premier League,19,4,528,0,Midfielder,6.770967,0,4,7,2,7,2,2,0,0,0,1291,2,33,50,20,2,176,30,12,8,0,13,10,3,0,0,0,0,0,0
Idrissa Gana,Gueye,,34,Senegal,174 cm,66 kg,Everton,Premier League,6,32,2594,0,Midfielder,0,0,0,0,0,0,0,0,0,1,0,0,0,0,0,0,0,0,0,0,17,0,0,1,0,0,0,0,0,0,0
Dominic Nathaniel,Calvert-Lewin,,26,England,187 cm,71 kg,Everton,Premier League,0,15,1174,0,Attacker,6.896969,0,2,0,1,0,0,0,0,1,0,1207,0,7,4,0,56,310,191,0,14,0,0,0,7,0,0,0,1,0,0
Ashley Simon,Young,,38,England,175 cm,65 kg,Everton,Premier League,34,23,2038,0,Defender,6.882142,0,6,8,6,8,3,0,0,0,0,966,14,27,50,7,21,158,10,18,8,0,21,24,7,0,0,0,0,0,0
Sayed Saman,Ghoddos,,30,Iran,176 cm,79 kg,Everton,Premier League,23,17,983,0,Attacker,6.56923,0,15,9,15,4,1,0,0,0,0,427,4,4,31,7,14,122,90,18,0,0,11,7,0,0,0,0,0,0,0
Michael Vincent,Keane,,30,England,191 cm,82 kg,Everton,Premier League,13,10,980,0,Defender,6.783333,0,2,2,2,4,4,1,0,2,0,536,3,10,35,3,13,147,68,31,9,0,21,13,0,0,0,0,0,0,0
Mikkel,Krogh Damsgaard,,23,Denmark,180 cm,66 kg,Everton,Premier League,27,11,1526,0,Midfielder,6.623076,0,17,4,17,0,6,5,0,0,0,225,11,18,20,0,8,167,43,31,20,0,4,10,4,0,0,0,0,0,0
Seamus,Coleman,,35,Republic of Ireland,177 cm,67 kg,Everton,Premier League,0,0,803,0,Defender,6.756521,0,3,10,8,78,8,0,0,0,0,0,4,11,0,9,0,93,0,0,0,0,5,21,1,0,0,0,0,0,0
Andrew Michael,Lonergan,,40,England,192 cm,87 kg,Everton,Premier League,19,14,317,0,Defender,7.068421,0,7,3,5,4,33,0,0,1,0,473,16,15,49,4,15,36,13,22,4,0,21,14,3,0,0,0,0,0,0
Vitaly,Janelt,,25,Germany,184 cm,79 kg,Everton,Premier League,19,14,1277,0,Defender,6.677777,0,5,3,5,4,1,0,0,0,0,473,6,19,49,4,15,150,82,22,10,0,13,14,3,0,0,0,0,0,0
Keane William,Lewis-Potter,,22,England,170 cm,67 kg,Everton,Premier League,19,14,1277,0,Defender,6.677777,0,5,3,5,4,1,0,0,0,0,473,6,19,49,4,15,150,82,22,10,0,13,14,3,0,0,0,0,0,0
Nathan Kenneth,Patterson,,22,Scotland,189 cm,83 kg,Everton,Premier League,19,14,1277,0,Defender,6.677777,0,5,3,5,4,1,0,0,0,0,473,6,19,49,4,15,150,82,22,10,0,13,14,3,0,0,0,0,0,0
Amadou Ba Zeund Georges,Mvom Onana,,22,Belgium,192 cm,76 kg,Everton,Premier League,33,29,1277,0,Defender,6.677777,0,5,3,5,28,1,0,0,0,0,968,6,19,49,4,37,150,197,22,10,0,13,44,3,0,0,0,0,0,0
Alexander Chuka,Iwobi,,27,Nigeria,180 cm,75 kg,Everton,Premier League,38,38,3382,0,Attacker,6.965789,0,0,1,0,30,2,2,0,7,0,1392,64,28,69,2,26,314,149,105,55,0,15,19,2,0,0,0,0,0,0
Ish√© Barrington,Samuels-Smith,,17,England,186 cm,0,Everton,Premier League,0,0,2229,0,Defender,0,0,0,0,0,0,0,0,0,0,0,0,0,0,0,0,0,0,0,0,0,0,0,0,0,0,0,0,0,0,0
Niels Patrick,Nkounkou,,23,France,180 cm,78 kg,Everton,Premier League,0,0,342,0,Defender,0,0,0,0,0,0,0,0,0,0,0,0,0,0,0,0,6,0,20,0,0,0,0,6,0,0,0,0,0,0,0
Daniel,L√∏nne Iversen,,26,Denmark,193 cm,80 kg,Everton,Premier League,12,12,1080,0,Goalkeeper,6.7,0,0,1,1,0,0,0,0,0,0,326,0,13,0,0,0,3,52,0,0,0,0,11,0,0,0,0,0,0,2
Adam James,Armstrong,,26,England,172 cm,69 kg,Everton,Premier League,32,5,1403,0,Midfielder,6.5875,0,18,2,3,13,7,2,0,1,0,623,18,16,32,3,10,176,79,1,21,0,20,9,6,0,0,0,0,0,0
Aleksandar,Mitroviƒá,,29,Serbia,189 cm,89 kg,Everton,Premier League,10,23,2015,0,Midfielder,7.070833,0,1,9,11,0,0,0,0,2,0,242,0,12,14,5,0,401,5,45,0,0,15,34,7,0,0,0,0,4,0
Neeskens,Kebano,,31,Congo DR,170 cm,65 kg,Fulham,Premier League,18,9,503,0,Midfielder,6.606666,0,13,8,8,8,0,0,0,0,0,252,13,11,17,0,12,55,23,1,1,0,16,15,0,0,0,0,0,0,0
Sa≈°a,Lukiƒá,,27,Serbia,183 cm,76 kg,Fulham,Premier League,12,4,407,0,Midfielder,6.74054,0,8,3,8,14,6,0,0,3,0,1500,23,15,8,13,5,50,26,5,4,0,10,13,1,0,0,0,0,0,0
Marek,Rod√°k,,27,Slovakia,194 cm,81 kg,Fulham,Premier League,2,2,2700,0,Defender,7.173333,0,0,0,0,12,9,0,2,0,0,1092,9,13,0,31,0,1,169,0,2,0,10,6,0,0,0,0,0,0,0
√âdouard Osoque,Mendy,,31,Senegal,194 cm,86 kg,Fulham,Premier League,33,9,854,0,Attacker,6.52,0,1,0,1,39,24,4,0,1,25,658,37,18,0,0,13,6,128,1,31,0,40,0,1,0,0,0,2,0,0
Manor,Solomon,,24,Israel,170 cm,66 kg,Fulham,Premier League,34,23,2110,0,Midfielder,6.902941,0,11,13,11,24,8,1,0,8,0,782,6,16,42,7,22,216,100,37,17,0,4,30,0,0,0,0,0,0,0
Carlos Vin√≠cius,Alves Morais,,28,Brazil,190 cm,86 kg,Fulham,Premier League,28,11,1097,0,Attacker,6.565217,0,17,4,17,17,12,5,0,2,0,181,8,5,4,0,0,167,51,13,5,0,15,21,3,0,0,0,0,0,0
Andreas Hugo,Hoelgebaum Pereira,,27,Brazil,178 cm,71 kg,Fulham,Premier League,33,33,2718,0,Midfielder,6.863636,0,0,4,0,48,15,4,0,6,0,853,61,19,18,3,6,244,75,42,17,0,31,41,8,0,0,0,1,0,0
Willian,Borges da Silva,,35,Brazil,175 cm,77 kg,Fulham,Premier League,27,25,2142,0,Attacker,7.066666,0,2,3,7,28,9,5,0,1,0,846,9,25,9,0,0,178,82,59,37,0,24,11,2,0,0,0,0,0,0
Bobby Armani,De Cordova-Reid,,30,Jamaica,170 cm,68 kg,Fulham,Premier League,36,29,2486,0,Attacker,6.630555,0,7,5,0,22,9,4,0,0,0,1266,7,30,146,5,46,472,281,44,18,0,21,34,8,0,0,0,0,0,0
Jo√£o Maria,Paulhina,,28,Portugal,190 cm,84 kg,Fulham,Premier League,0,35,3113,0,Defender,6.977142,0,0,0,0,27,0,3,0,0,0,0,0,0,0,0,0,0,0,29,14,0,50,48,14,0,0,0,0,0,0
Bernd,Leno,,31,Germany,189 cm,82 kg,Fulham,Premier League,0,36,3240,0,Goalkeeper,6.812,0,0,0,0,0,0,0,0,0,0,1395,1,25,0,0,0,128,14,0,3,0,3,1,3,0,0,0,0,0,3
Timothy Michael,Ream,,36,USA,183 cm,80 kg,Fulham,Premier League,0,21,2010,0,Defender,6.731034,0,27,0,4,2,2,0,0,0,0,1900,2,50,28,17,35,165,72,4,10,0,8,18,0,0,0,0,0,0,0
Abdul-Nasir Oluwatosin,Oluwadoyinsolami Adarabioyo,,26,England,196 cm,80 kg,Fulham,Premier League,33,33,2899,0,Midfielder,6.694594,0,2,6,27,8,8,1,0,0,0,1285,12,20,30,15,26,154,95,17,5,0,7,17,2,0,0,0,0,0,0
Harrison James,Reed,,28,England,181 cm,72 kg,Fulham,Premier League,25,23,967,0,Defender,6.854285,0,0,0,2,12,0,3,0,4,0,1466,35,26,17,12,53,251,99,64,10,0,22,33,8,0,0,0,0,0,0
Benjamin David,Pearson,,28,England,176 cm,71 kg,Fulham,Premier League,1,0,749,0,Defender,6.735294,0,4,0,12,0,1,0,0,0,0,20,0,0,0,0,0,4,34,0,1,0,0,0,0,0,0,0,0,0,0
Patrick James,Bamford,,30,England,185 cm,71 kg,Leeds,Premier League,20,1,611,0,Midfielder,6.621052,0,14,4,15,0,2,0,0,1,0,141,12,8,6,1,0,65,29,8,3,0,27,6,1,0,0,0,0,0,0
Rodrigo,Moreno Machado,,32,Spain,182 cm,77 kg,Leeds,Premier League,27,26,2135,0,Defender,6.94074,0,1,18,8,20,7,1,0,2,0,1716,20,55,24,2,22,185,117,24,15,0,11,6,6,0,0,0,0,0,0
Joel,Robles Bl√°zquez,,33,Spain,195 cm,78 kg,Leeds,Premier League,31,23,1943,0,Attacker,6.896774,0,8,16,0,47,27,13,0,1,0,516,16,12,0,4,6,224,80,26,11,0,0,29,1,0,0,0,1,0,0
Luis Fernando,Sinisterra Lucum√≠,,24,Colombia,172 cm,60 kg,Leeds,Premier League,19,13,874,0,Attacker,6.722222,0,6,4,15,2,11,0,0,0,0,135,9,14,17,0,8,79,40,36,1,0,4,4,0,0,0,0,0,0,0
Maximilian,W√∂ber,,25,Austria,188 cm,85 kg,Leeds,Premier League,16,14,1264,0,Defender,6.84375,0,2,2,2,5,2,0,0,0,0,644,6,28,25,14,27,100,53,1,0,0,1,15,3,0,0,0,0,0,0
Vicente,Guaita Panadero,,36,Spain,190 cm,81 kg,Leeds,Premier League,16,27,1264,0,Defender,6.84375,0,2,2,2,0,0,0,0,0,85,644,0,28,0,14,27,100,53,1,0,0,1,15,1,0,0,0,0,0,0
Deniz,Undav,,27,Germany,179 cm,86 kg,Leeds,Premier League,36,6,3178,0,Attacker,6.625,0,16,3,0,19,12,0,0,0,0,1588,8,34,7,1,43,57,182,3,1,0,4,35,2,0,0,0,0,0,0
Andrew,Moran,,20,Republic of Ireland,177 cm,73 kg,Leeds,Premier League,1,0,2384,0,Midfielder,6.3,0,1,20,8,0,0,1,0,0,0,2,0,15,0,0,5,0,141,0,0,0,0,16,0,0,0,0,0,0,0
Arthur Henrique,Ramos de Oliveira Melo,,27,Brazil,171 cm,73 kg,Leeds,Premier League,26,24,1959,0,Defender,6.736,0,4,4,5,0,0,0,0,0,0,318,1,23,0,4,6,0,0,0,6,0,0,0,4,0,0,0,0,0,0
Sepp,van den Berg,,22,Netherlands,189 cm,74 kg,Leeds,Premier League,0,0,477,0,Defender,6.65,0,0,4,0,1,0,0,0,0,0,0,0,8,0,0,0,25,4,0,0,0,0,0,0,0,0,0,0,0,0
Asmir,Begoviƒá,,36,Bosnia and Herzegovina,199 cm,101 kg,Leeds,Premier League,28,1,1521,0,Defender,6.65,0,15,3,10,3,0,0,0,2,4,25,0,16,0,5,0,204,38,30,0,0,0,0,0,0,0,0,0,0,0
Karl,Darlow,,33,England,190 cm,88 kg,Leeds,Premier League,29,22,2048,0,Goalkeeper,0,0,0,0,0,0,5,2,0,1,0,868,12,22,66,11,26,302,0,29,12,0,35,15,0,0,0,0,0,0,0
Luke David,Ayling,,32,England,185 cm,72 kg,Leeds,Premier League,29,22,2048,0,Defender,6.575,0,7,1,7,15,5,2,0,1,0,868,12,22,66,11,26,302,160,29,12,0,35,15,3,0,0,0,0,0,0
Liam David Ian,Cooper,,32,Scotland,180 cm,73 kg,Leeds,Premier League,29,22,2048,0,Defender,6.575,0,7,1,7,15,5,2,0,1,0,868,12,22,66,11,26,302,160,29,12,0,35,15,3,0,0,0,0,0,0
Stuart Alan,Dallas,,32,Northern Ireland,183 cm,81 kg,Leeds,Premier League,0,22,2048,0,Defender,6.575,0,7,1,7,15,5,2,0,1,0,868,12,22,66,11,34,302,160,29,12,0,35,15,3,0,0,0,0,0,0
Diop Tehuti,Djed-Hotep Spence,,23,England,185 cm,0,Leeds,Premier League,4,16,2048,0,Defender,6.575,0,0,2,2,15,3,1,0,0,0,868,5,22,66,8,0,164,105,2,1,0,10,15,3,0,0,0,0,0,0
Kristoffer-August,Sundquist Klaesson,,23,Norway,189 cm,76 kg,Leeds,Premier League,0,0,3060,0,Defender,6.45,0,0,0,4,1,1,0,0,0,0,0,0,14,0,0,1,3,1,0,0,0,0,0,0,0,0,0,0,0,0
Weston James Earl,McKennie,,25,USA,183 cm,84 kg,Leeds,Premier League,30,13,1440,0,Midfielder,6.77931,0,3,7,17,10,16,0,0,4,0,275,13,24,14,2,22,163,71,15,7,0,5,21,2,0,0,0,0,0,0
Kenny ,Tete,,28,Netherlands,180 cm,71 kg,Leicester,Premier League,36,29,2575,0,Goalkeeper,7.169444,0,2,8,2,10,5,0,51,0,144,1205,23,27,83,17,0,17,191,33,0,0,54,1,8,0,0,0,0,0,0
Demarai,Gray,,27,Jamaica,180 cm,74 kg,Leicester,Premier League,8,6,2512,0,Goalkeeper,6.854545,0,6,11,1,0,0,0,0,0,0,26,0,16,33,3,0,317,1,73,0,0,2,24,3,0,0,0,0,0,0
Timothy,Castagne,,28,Belgium,185 cm,80 kg,Leicester,Premier League,37,36,3256,0,Defender,6.883783,0,1,3,1,0,0,2,0,1,0,1158,2,32,87,0,43,323,167,24,10,0,15,25,3,0,0,0,0,0,0
Jonathan Grant,Evans,,35,Northern Ireland,188 cm,77 kg,Leicester,Premier League,13,12,1096,0,Midfielder,6.732142,0,16,2,1,12,4,0,0,3,0,376,12,53,13,2,18,71,69,0,0,0,32,9,1,0,0,0,0,0,0
Victor,Bernth Kristiansen,,21,Denmark,181 cm,0,Leicester,Premier League,12,11,895,0,Defender,6.60909,0,1,4,1,2,0,0,0,1,0,364,7,23,38,4,3,118,63,12,7,0,9,17,2,0,0,0,0,0,0
Elliot,Anderson,,21,Scotland,179 cm,0,Leicester,Premier League,22,3,1243,0,Midfielder,6.62,0,19,3,1,7,10,4,0,1,0,383,0,7,15,0,7,119,42,33,12,0,10,0,0,0,0,0,0,0,0
Luke Jonathan,Thomas,,22,England,181 cm,0,Leicester,Premier League,17,11,1070,0,Defender,6.24,0,6,3,6,0,0,0,0,0,0,11,5,1,0,4,0,100,46,1,5,0,7,11,0,0,0,0,0,0,0
Luke Jonathan,Thomas,,22,England,181 cm,0,Leicester,Premier League,17,11,1070,0,Defender,6.5625,0,6,0,6,0,0,0,0,0,0,526,5,25,23,4,26,7,2,10,1,0,7,2,0,0,0,0,0,0,0
√áaƒülar,S√∂y√ºnc√º,,27,T√ºrkiye,185 cm,82 kg,Leicester,Premier League,7,6,529,0,Defender,6.928571,0,1,1,1,4,2,1,0,0,0,306,1,40,14,8,7,69,43,1,1,0,4,7,2,0,0,0,0,0,0
Ayoze,P√©rez Guti√©rrez,,30,Spain,178 cm,72 kg,Leicester,Premier League,7,6,529,0,Defender,6.928571,0,1,1,1,4,2,1,0,0,0,306,1,40,14,8,7,76,43,1,1,0,4,7,2,0,0,0,0,0,0
Boubakary,Soumar√©,,24,France,188 cm,70 kg,Leicester,Premier League,7,0,380,0,Midfielder,6.928571,0,0,1,0,6,0,0,0,1,0,29,1,28,57,1,33,200,5,1,1,0,3,7,0,0,0,0,0,0,0
Patson,Daka,,25,Zambia,183 cm,71 kg,Leicester,Premier League,30,13,1181,0,Attacker,6.77931,0,17,11,17,23,16,4,0,4,0,275,17,6,14,2,7,164,62,15,7,0,15,23,2,0,0,0,0,0,0
Ivan Ricardo,Neves Abreu Cavaleiro,,30,Angola,175 cm,72 kg,Leicester,Premier League,25,13,1181,0,Attacker,6.77931,0,17,11,17,23,16,4,0,4,0,851,17,6,25,2,7,164,62,15,7,0,15,23,2,0,0,0,0,0,0
Kelechi Promise,·ªäheanach·ªç,,27,Nigeria,185 cm,82 kg,Leicester,Premier League,28,11,1120,0,Attacker,6.737037,0,17,10,16,33,14,5,0,5,0,305,22,8,7,1,0,156,27,37,6,0,5,9,0,0,0,0,1,0,0
Dennis Pierre Jacques Albert,Praet,,29,Belgium,181 cm,78 kg,Leicester,Premier League,22,6,639,0,Midfielder,6.561904,0,16,6,0,3,2,1,0,0,0,248,3,8,12,2,5,69,139,13,8,0,8,23,1,0,0,0,0,0,0
Renan Augusto,Lodi dos Santos,,25,Brazil,173 cm,68 kg,Leicester,Premier League,28,26,2222,0,Defender,6.575,0,2,0,0,8,0,0,22,1,38,668,13,17,52,6,33,235,3,28,0,0,42,0,7,0,0,0,0,0,0
Marc Kevin,Albrighton,,34,England,175 cm,74 kg,Leicester,Premier League,6,5,451,0,Defender,6.544444,0,5,1,5,1,1,1,0,1,0,254,6,20,11,2,4,54,8,6,1,0,4,2,0,0,0,0,0,0,0
Onyinye Wilfred,Ndidi,,27,Nigeria,183 cm,74 kg,Leicester,Premier League,27,0,1682,0,Midfielder,6.76923,0,0,11,8,0,0,0,0,0,0,894,3,27,0,14,0,197,109,0,9,0,14,29,4,0,0,0,0,0,0
Jamie Richard,Vardy,,36,England,179 cm,74 kg,Leicester,Premier League,37,19,1852,0,Midfielder,6.556756,0,8,13,18,5,2,0,0,0,0,255,15,3,61,3,37,210,76,26,12,0,7,21,1,0,0,0,0,1,0
James Michael,Justin,,25,England,183 cm,80 kg,Leicester,Premier League,14,14,1254,0,Defender,6.892857,0,0,2,0,0,0,0,0,0,0,682,7,39,0,6,0,136,76,15,4,0,29,8,0,0,0,0,0,0,0
Harry James,Souttar,,25,Australia,198 cm,80 kg,Leicester,Premier League,12,11,991,0,Defender,6.772727,0,1,0,1,6,2,0,0,0,0,548,3,37,20,12,15,83,61,3,3,0,5,5,2,0,0,0,0,0,0
Kiernan Frank,Dewsbury-Hall,,25,England,178 cm,0,Leicester,Premier League,31,28,2315,0,Midfielder,6.854838,0,3,11,3,19,6,0,0,1,0,1095,39,27,15,13,12,271,141,64,38,0,35,37,4,0,0,0,0,0,0
Morgan St√©phane,Sanson,,29,France,180 cm,73 kg,Leicester,Premier League,7,0,2340,0,Midfielder,6.557142,0,2,0,2,1,0,0,0,0,78,784,0,2,2,0,0,10,9,0,0,0,5,5,0,0,0,0,0,0,0
Denis Lemi,Zakaria Lako Lado,,27,Switzerland,189 cm,81 kg,Leicester,Premier League,26,5,2340,0,Midfielder,6.734615,0,0,0,0,0,0,0,46,0,78,784,0,21,9,0,0,10,9,8,0,0,5,0,0,0,0,0,0,0,2
Keinan Vincent Joseph,Davis,,25,England,191 cm,68 kg,Leicester,Premier League,26,26,2340,0,Goalkeeper,6.734615,0,0,0,0,0,0,0,46,0,78,784,0,21,1,0,0,10,9,0,0,0,5,0,0,0,0,0,0,0,2
Jamal Akua,Lowe,,29,Jamaica,183 cm,79 kg,Leicester,Premier League,26,26,2340,0,Goalkeeper,6.734615,0,0,0,0,0,0,0,46,0,78,784,0,21,1,0,0,10,9,0,0,0,5,0,0,0,0,0,0,0,2
Romain Paul Jean-Michel,Perraud,,26,France,173 cm,68 kg,Leicester,Premier League,26,26,2340,0,Goalkeeper,6.734615,0,0,0,2,0,0,0,46,0,78,784,0,21,0,0,0,0,9,0,0,0,0,0,0,0,0,0,0,0,2
Alexander,Oxlade-Chamberlain,,30,England,180 cm,70 kg,Liverpool,Premier League,35,6,653,0,Midfielder,0,0,23,4,4,16,3,2,0,0,0,100,15,18,14,2,2,0,14,29,14,0,14,0,0,0,0,0,0,0,0
Luis Fernando,D√≠az Marulanda,,26,Colombia,178 cm,65 kg,Liverpool,Premier League,27,11,1704,0,Midfielder,6.766666,0,10,7,6,12,2,1,0,2,0,1307,23,41,17,0,19,162,77,29,19,0,24,18,2,0,0,0,0,0,0
Jordan Brian,Henderson,,33,England,182 cm,78 kg,Liverpool,Premier League,35,23,2075,0,Midfielder,6.911428,0,5,13,12,18,6,0,0,2,0,1545,18,37,32,3,21,128,126,20,12,0,9,18,2,0,0,0,0,0,0
F√°bio Henrique,Tavares,,30,Brazil,188 cm,78 kg,Liverpool,Premier League,25,31,2677,0,Midfielder,6.897222,0,12,11,5,13,4,0,0,2,0,1815,21,44,65,11,37,251,51,11,7,0,24,53,11,0,0,0,0,0,0
Roberto Firmino,Barbosa de Oliveira,,32,Brazil,181 cm,76 kg,Liverpool,Premier League,0,13,1211,0,Attacker,7.120833,0,3,10,12,10,4,11,0,4,0,546,7,18,17,1,7,157,90,23,13,0,6,9,0,0,0,0,0,0,0
Davinson,S√°nchez Mina,,27,Colombia,187 cm,81 kg,Liverpool,Premier League,13,8,334,0,Defender,6.5625,0,4,4,10,6,3,1,0,0,0,588,5,0,5,10,0,42,58,5,4,0,4,3,1,0,0,0,0,0,0
James Philip,Milner,,37,England,175 cm,70 kg,Liverpool,Premier League,31,7,893,0,Midfielder,6.83,0,24,4,24,6,1,0,0,1,0,607,13,15,26,2,12,136,65,19,11,0,38,16,2,0,0,0,0,0,0
Cody Math√®s,Gakpo,,24,Netherlands,193 cm,76 kg,Liverpool,Premier League,21,17,1465,0,Attacker,7.066666,0,4,11,4,27,13,7,0,2,0,371,23,13,26,1,4,230,108,36,23,0,33,26,0,0,0,0,0,0,0
Trent John,Alexander-Arnold,,25,England,175 cm,72 kg,Liverpool,Premier League,37,34,2931,0,Defender,7.305405,0,3,11,3,25,8,2,0,9,0,2309,72,50,57,7,43,216,113,43,30,0,6,22,5,0,0,0,0,0,0
Job Jo√´l Andr√©,Matip,,32,Cameroon,195 cm,90 kg,Liverpool,Premier League,14,12,1092,0,Defender,6.714285,0,2,2,2,5,3,1,0,0,0,879,4,54,15,3,21,96,49,7,4,0,5,10,3,0,0,0,0,0,0
Andrew Henry,Robertson,,29,Scotland,178 cm,64 kg,Liverpool,Premier League,34,29,2587,0,Defender,6.958823,0,5,10,5,8,4,0,0,8,0,1834,52,45,38,5,18,179,85,38,15,0,10,22,3,0,0,0,0,0,0
Curtis Julian,Jones,,22,England,185 cm,75 kg,Liverpool,Premier League,18,12,1039,0,Midfielder,6.833333,0,6,10,6,6,5,3,0,1,0,658,14,33,34,2,3,138,64,24,11,0,16,13,2,0,0,0,0,0,0
Mohamed,Salah Hamed Mahrous Ghaly,,31,Egypt,175 cm,71 kg,Liverpool,Premier League,38,37,3297,0,Attacker,7.118421,0,1,8,1,97,47,19,0,12,0,1120,66,23,21,0,6,324,111,121,49,0,33,20,2,0,0,0,2,2,0
Thiago,Alc√¢ntara do Nascimento,,32,Spain,174 cm,70 kg,Liverpool,Premier League,18,14,1254,0,Midfielder,7.033333,0,4,5,4,3,1,0,0,0,0,1085,17,52,43,3,21,175,99,21,17,0,25,18,2,0,0,0,0,0,0
Ibrahima,Konat√©,,24,France,194 cm,95 kg,Liverpool,Premier League,18,17,1551,0,Defender,6.833333,0,1,0,1,6,3,0,0,0,0,1130,1,54,38,5,26,168,108,11,9,0,15,29,5,0,0,0,0,0,0
Konstantinos,Tsimikas,,27,Greece,179 cm,77 kg,Liverpool,Premier League,20,9,768,0,Defender,6.836842,0,11,7,11,3,2,0,0,4,0,444,18,19,14,1,12,75,34,12,4,0,9,13,3,0,0,0,0,0,0
Diogo Jos√©,Teixeira da Silva,,27,Portugal,178 cm,68 kg,Liverpool,Premier League,22,12,1131,0,Attacker,6.804545,0,10,10,10,27,11,7,0,4,0,373,17,12,23,0,3,180,70,35,14,0,15,19,2,0,0,0,0,0,0
Harvey Daniel James,Elliott,,20,England,170 cm,64 kg,Liverpool,Premier League,32,18,1613,0,Midfielder,6.786666,0,14,14,14,22,12,1,0,2,0,957,27,25,27,1,15,167,74,33,18,0,25,14,2,0,0,0,0,0,0
Darwin Gabriel,Nunez,,24,Uruguay,187 cm,81 kg,Liverpool,Premier League,29,19,1699,0,Attacker,6.885714,0,10,13,10,71,37,9,0,3,0,371,28,8,11,0,3,212,81,36,17,0,17,25,1,1,0,0,0,0,0
Stefan,Bajƒçetiƒá Maquieira,,19,Spain,185 cm,77 kg,Liverpool,Premier League,11,6,527,0,Midfielder,6.654545,0,5,6,5,4,3,1,0,0,0,253,4,18,9,0,9,75,34,11,7,0,9,7,2,0,0,0,0,0,0
Caoimh√≠n Odhr√°n,Kelleher,,25,Republic of Ireland,188 cm,74 kg,Liverpool,Premier League,26,32,2836,0,Goalkeeper,7.76875,0,0,1,6,5,10,0,4,0,0,2071,99,73,0,11,18,186,82,0,4,0,0,19,3,0,0,0,0,0,0
Joseph Dave,Gomez,,26,England,188 cm,77 kg,Liverpool,Premier League,32,22,1997,0,Defender,7.196875,0,4,3,0,23,2,0,0,1,0,1357,44,80,28,13,5,138,129,1,1,0,4,20,3,0,0,0,0,0,0
Virgil,van Dijk,,32,Netherlands,195 cm,92 kg,Liverpool,Premier League,32,28,2425,0,Defender,7.196875,0,10,12,4,7,21,7,0,0,0,1003,44,34,27,2,16,205,100,9,8,0,3,10,3,0,0,0,0,0,0
Ederson,Santana de Moraes,,30,Brazil,188 cm,86 kg,Manchester City,Premier League,35,35,3150,0,Attacker,6.685714,0,0,0,0,57,0,0,32,6,46,1109,1,26,3,0,11,17,14,0,0,0,3,1,3,0,0,0,0,0,0
Jack Peter,Grealish,,28,England,175 cm,76 kg,Manchester City,Premier League,17,23,764,0,Midfielder,7.310714,0,8,12,5,29,2,0,0,7,0,188,50,8,25,3,1,97,44,23,9,0,78,8,4,0,0,0,0,0,0
Aymeric Jean Louis G√©rard Alph,Laporte,,29,Spain,189 cm,86 kg,Manchester City,Premier League,30,11,993,0,Defender,7.2,0,8,11,1,28,13,0,0,0,0,947,53,73,30,4,3,213,105,3,24,0,7,16,0,0,0,0,1,0,0
Riyad Karim,Mahrez,,32,Algeria,179 cm,67 kg,Manchester City,Premier League,10,22,1923,0,Attacker,7.2,0,8,11,8,28,13,5,0,10,0,1033,53,29,30,1,1,213,105,51,24,0,42,16,2,0,0,0,0,0,0
Manuel Obafemi,Akanji,,28,Switzerland,186 cm,91 kg,Manchester City,Premier League,29,24,2284,0,Defender,7.314285,0,10,11,5,10,3,0,0,1,0,2021,7,65,36,9,33,154,77,9,6,0,12,24,2,0,0,0,0,0,0
Sergio,Gomez,,23,Spain,171 cm,68 kg,Manchester City,Premier League,12,2,340,0,Midfielder,6.7,0,2,0,2,6,0,2,0,1,0,2976,33,21,9,3,0,34,14,3,25,0,2,0,5,0,0,0,0,0,0
Rodrigo,Hern√°ndez Cascante,,27,Spain,190 cm,82 kg,Manchester City,Premier League,37,37,2920,0,Midfielder,6.857142,0,0,0,0,33,0,0,0,6,108,1321,1,27,67,14,0,314,184,33,2,0,20,13,1,0,0,0,0,0,1
R√∫ben,dos Santos Gato Alves Dias,,26,Portugal,186 cm,76 kg,Manchester City,Premier League,34,22,1844,0,Midfielder,6.894117,0,10,11,4,44,10,4,0,16,0,1418,32,27,28,2,3,209,104,49,30,0,7,31,1,0,0,0,0,0,0
Kevin,De Bruyne,,32,Belgium,181 cm,68 kg,Manchester City,Premier League,35,24,2203,0,Midfielder,6.873333,0,18,8,10,33,60,36,0,5,0,479,30,27,16,6,2,209,89,70,40,0,29,31,5,0,0,0,0,0,0
Philip Walter,Foden,,23,England,171 cm,70 kg,Manchester City,Premier League,26,33,2779,0,Midfielder,0,0,4,12,10,15,22,9,0,5,0,469,18,37,26,4,0,215,88,70,40,0,15,21,5,0,0,0,0,0,0
Bernardo,Mota Veiga de Carvalho e Silva,,29,Portugal,173 cm,64 kg,Manchester City,Premier League,26,13,1451,0,Midfielder,7,0,4,5,2,34,0,1,0,8,0,0,0,13,26,0,20,0,69,29,11,0,14,0,0,0,0,0,7,0,0
Juli√°n,√Ålvarez,,23,Argentina,170 cm,71 kg,Manchester City,Premier League,26,22,1875,0,Goalkeeper,7,0,4,6,4,7,2,1,0,0,0,1705,9,62,26,10,20,118,79,4,3,0,14,12,2,0,0,0,0,0,0
Adri√°n,San Miguel del Castillo,,36,Spain,190 cm,80 kg,Manchester City,Premier League,26,22,1875,0,Defender,7,0,4,6,4,7,2,1,0,0,0,1705,9,62,26,10,20,118,79,4,3,0,14,12,2,0,0,0,0,0,0
Nathan Benjamin,Ak√©,,28,Netherlands,180 cm,75 kg,Manchester City,Premier League,12,22,1875,0,Defender,6.733333,0,10,6,4,7,2,1,0,0,0,1705,9,62,26,10,5,34,14,4,3,0,2,12,2,0,0,0,0,0,0
Kalvin Mark,Phillips,,28,England,178 cm,72 kg,Manchester City,Premier League,12,22,1875,0,Defender,6.733333,0,10,6,4,4,0,0,0,0,0,1705,3,26,6,3,5,34,14,1,3,0,2,10,1,0,0,0,0,0,0
Rico Henry Mark,Lewis,,19,England,169 cm,0,Manchester City,Premier League,14,10,903,0,Midfielder,6.85,0,4,4,4,4,2,0,0,1,0,638,12,0,16,0,6,79,42,11,0,0,18,10,0,1,0,0,0,0,0
Stefan,Ortega Moreno,,31,Germany,185 cm,88 kg,Manchester City,Premier League,3,3,652,0,Midfielder,7.186486,0,15,0,1,0,0,0,0,0,14,151,0,17,0,15,63,1,1,0,0,0,0,23,0,0,0,0,0,0,0
John,Stones,,29,England,188 cm,80 kg,Manchester City,Premier League,23,27,944,0,Midfielder,6.66875,0,4,5,5,9,3,2,0,0,0,1511,7,16,30,10,9,25,70,7,28,0,8,10,1,1,0,0,0,0,0
ƒ∞lkay,G√ºndoƒüan,,33,Germany,180 cm,80 kg,Manchester City,Premier League,31,16,1849,0,Defender,7.021739,0,1,1,2,41,3,0,0,2,0,1540,39,61,29,1,20,68,90,35,4,0,25,23,0,0,0,0,0,0,0
Tahith,Chong,,24,Netherlands,185 cm,75 kg,Manchester United,Premier League,0,6,2386,0,Midfielder,6.61875,0,0,0,0,0,3,0,0,0,100,0,0,0,16,0,12,0,44,0,1,0,10,16,0,0,0,0,0,0,0
Wout ,Weghorst,,31,Netherlands,197 cm,84 kg,Manchester United,Premier League,19,10,1457,0,Attacker,6.563157,0,7,5,2,11,5,0,0,1,0,456,14,16,11,2,16,156,78,36,17,0,14,17,1,0,0,0,0,0,0
Antony,dos Santos,,23,Brazil,174 cm,63 kg,Manchester United,Premier League,23,23,2070,0,Goalkeeper,6.916,0,0,17,2,0,24,4,0,2,0,774,0,0,22,0,11,9,79,65,0,0,0,15,5,0,0,0,0,0,0
Lisandro,Mart√≠nez,,25,Argentina,175 cm,77 kg,Manchester United,Premier League,38,0,1436,0,Attacker,6.957894,0,4,5,6,22,2,4,0,0,0,0,0,0,54,4,15,130,72,35,64,0,0,0,5,0,0,0,0,0,0
Aaron,Wan-Bissaka,,26,England,183 cm,72 kg,Manchester United,Premier League,24,0,753,0,Midfielder,6.761904,0,0,13,0,19,2,3,0,0,0,704,9,3,2,6,8,146,73,0,3,0,1,28,4,0,0,0,0,0,0
Cristiano Ronaldo,dos Santos Aveiro,,38,Portugal,187 cm,83 kg,Manchester United,Premier League,13,22,1923,0,Attacker,6.81,0,6,1,8,19,6,1,0,10,0,1033,6,29,2,1,1,47,26,51,4,0,42,7,2,0,0,0,0,0,0
David,de Gea Quintana,,33,Spain,192 cm,76 kg,Manchester United,Premier League,38,38,3420,0,Goalkeeper,6.93421,0,0,0,0,0,0,0,43,0,101,1083,1,19,0,0,1,12,10,0,0,0,5,0,0,0,0,0,0,0,1
Jadon Malik,Sancho,,23,England,180 cm,76 kg,Manchester United,Premier League,26,21,1698,0,Attacker,6.967857,0,5,17,5,27,12,6,0,3,0,749,44,24,16,2,7,161,60,73,32,0,10,9,0,0,0,0,0,0,0
Christian,Dannemann Eriksen,,31,Denmark,182 cm,76 kg,Manchester United,Premier League,28,25,2062,0,Midfielder,6.865217,0,3,18,3,6,4,1,0,8,0,1099,36,42,22,17,11,121,48,16,7,0,10,13,3,0,0,0,0,0,0
Rapha√´l Xavier,Varane,,30,France,191 cm,81 kg,Manchester United,Premier League,24,22,1915,0,Defender,6.444444,0,2,6,2,1,0,0,0,0,0,294,4,41,24,5,11,117,74,9,5,0,3,12,1,0,0,0,0,0,0
Jacob Harry,Maguire,,30,England,194 cm,90 kg,Manchester United,Premier League,16,8,759,0,Defender,6.923076,0,8,0,8,1,0,0,0,0,0,574,1,37,8,11,13,71,39,3,2,0,4,8,4,0,0,0,0,0,0
Scott Francis,McTominay,,27,Scotland,193 cm,88 kg,Manchester United,Premier League,24,10,1149,0,Midfielder,6.669565,0,10,3,14,11,6,1,0,0,0,426,12,12,32,6,14,183,95,22,13,0,14,28,8,0,0,0,0,0,0
Anthony Jordan,Martial,,28,France,181 cm,76 kg,Manchester United,Premier League,21,11,979,0,Attacker,6.742857,0,3,11,10,21,13,6,0,2,0,320,30,28,5,2,1,302,43,23,14,0,23,8,0,0,0,0,1,0,0
Marcus,Rashford,,26,England,180 cm,70 kg,Manchester United,Premier League,35,32,1407,0,Defender,6.914285,0,8,13,3,81,50,17,0,5,0,779,21,25,20,4,7,150,117,127,54,0,23,15,2,0,0,0,0,0,0
Alejandro,Garnacho Ferreyra,,19,Argentina,180 cm,80 kg,Manchester United,Premier League,19,5,562,0,Attacker,6.488235,0,14,7,14,17,10,3,0,2,0,185,3,8,5,1,5,95,27,38,11,0,8,8,3,0,0,0,0,0,0
Jos√© Diogo,Dalot Teixeira,,24,Portugal,183 cm,76 kg,Manchester United,Premier League,28,20,2155,0,Defender,6.82,0,1,3,6,3,0,0,0,3,0,1188,29,39,90,11,21,102,114,26,18,0,24,48,8,2,0,0,0,0,0
Victor J√∂rgen,Nilsson Lindel√∂f,,29,Sweden,187 cm,80 kg,Manchester United,Premier League,20,37,2557,0,Defender,7.145161,0,0,1,1,10,15,1,0,2,0,1806,3,36,54,7,3,252,61,3,2,0,3,10,3,0,0,0,0,0,0
Luke Paul Hoare,Shaw,,28,England,185 cm,75 kg,Manchester United,Premier League,31,0,3320,0,Attacker,6.605714,0,3,6,0,26,35,5,0,2,0,406,35,45,22,5,25,285,141,43,13,0,4,46,6,0,0,0,0,0,0
Marcel,Sabitzer,,29,Austria,178 cm,76 kg,Manchester United,Premier League,11,0,628,0,Midfielder,6.836363,0,4,5,4,0,0,0,0,1,0,296,10,21,0,2,8,70,36,2,1,0,10,8,1,0,0,0,0,0,0
Alexander,Isak,,24,Sweden,192 cm,77 kg,Newcastle,Premier League,27,17,1527,0,Attacker,7.00909,0,5,10,5,33,25,10,0,1,0,357,16,12,29,2,16,207,87,62,32,0,7,19,3,0,0,0,2,0,0
Jonjo,Shelvey,,31,England,184 cm,80 kg,Newcastle,Premier League,3,0,542,0,Attacker,6.25,0,2,4,2,0,0,0,0,1,0,26,0,6,1,0,0,3,1,0,0,0,51,1,2,0,0,0,0,0,0
Anthony Michael,Gordon,,22,England,183 cm,72 kg,Newcastle,Premier League,16,12,480,0,Attacker,6.725,0,4,5,12,19,16,3,0,0,0,253,8,11,34,0,4,182,68,38,10,0,15,20,6,0,0,0,0,0,0
Robin Leon,Koch,,27,Germany,191 cm,86 kg,Newcastle,Premier League,17,36,797,0,Defender,6.611764,0,0,7,7,13,4,0,0,0,0,207,6,8,53,21,7,321,39,11,4,0,9,14,7,0,0,0,0,0,0
Nuno Miguel,da Costa J√≥ia,,32,Cape Verde,184 cm,70 kg,Newcastle,Premier League,0,0,1117,0,Midfielder,0,0,13,10,0,0,0,0,0,5,0,0,0,0,10,0,0,163,0,89,0,0,16,6,0,0,0,0,0,0,0
Joseph George,Willock,,24,England,179 cm,71 kg,Newcastle,Premier League,35,31,2577,0,Midfielder,6.874285,0,4,23,4,37,17,3,0,6,0,888,40,21,51,8,25,279,125,78,35,0,23,35,1,0,0,0,0,0,0
Harvey Lewis,Barnes,,26,England,174 cm,66 kg,Newcastle,Premier League,34,28,2720,0,Midfielder,6.721212,0,5,11,2,54,34,13,0,4,0,727,23,15,26,1,8,332,111,79,26,0,37,39,3,0,0,0,0,0,0
Sean David,Longstaff,,26,England,180 cm,65 kg,Newcastle,Premier League,33,28,2517,0,Midfielder,6.721212,0,5,4,5,18,7,1,0,4,0,1125,20,28,42,8,16,243,111,25,7,0,39,29,2,0,0,0,0,0,0
Jacob Kai,Murphy,,28,England,179 cm,74 kg,Newcastle,Premier League,36,14,2517,0,Midfielder,6.688235,0,22,13,22,21,7,1,0,2,0,1125,9,8,42,8,16,243,44,25,7,0,14,8,2,0,0,0,0,0,0
Kieran John,Trippier,,33,England,178 cm,71 kg,Newcastle,Premier League,38,2,3348,0,Defender,7.636842,0,0,7,0,6,4,1,0,7,0,2064,111,41,72,15,43,40,169,31,2,0,29,48,5,0,0,0,0,0,0
Fabian Lukas,Sch√§r,,32,Switzerland,186 cm,84 kg,Newcastle,Premier League,33,0,3209,0,Defender,7.116666,0,0,4,1,45,0,5,0,0,0,0,19,39,48,19,0,328,191,0,0,0,0,28,0,0,0,0,0,0,0
Matthew Robert,Targett,,28,England,183 cm,70 kg,Newcastle,Premier League,17,37,3262,0,Defender,6.6,0,10,0,0,1,0,0,32,0,0,328,10,15,1,2,9,86,29,15,2,0,5,8,1,0,0,0,0,0,0
Sven Adriaan,Botman,,23,Netherlands,193 cm,81 kg,Newcastle,Premier League,36,36,2070,0,Attacker,6.991428,0,1,2,1,21,24,6,0,0,0,715,48,42,25,9,36,189,126,1,35,0,12,15,2,0,0,0,4,0,0
Mark Joseph,Gillespie,,31,England,192 cm,83 kg,Newcastle,Premier League,0,35,3237,0,Goalkeeper,0,0,0,0,0,52,0,0,0,0,0,1754,9,0,39,0,34,0,0,0,1,0,0,0,0,0,0,0,0,0,0
Joelinton C√°ssio,Apolin√°rio de Lira,,27,Brazil,186 cm,81 kg,Newcastle,Premier League,32,20,3133,0,Attacker,7.0375,0,0,7,6,38,9,6,0,1,0,1230,26,31,70,3,48,474,150,94,14,0,34,38,12,0,0,0,0,0,0
Callum Eddie Graham,Wilson,,31,England,180 cm,66 kg,Newcastle,Premier League,32,32,528,0,Attacker,7.165625,0,15,3,0,63,2,18,0,5,0,235,23,5,9,4,1,195,30,31,2,0,83,10,4,0,0,0,0,0,0
Bruno,Guimar√£es Rodriguez Moura,,26,Brazil,182 cm,74 kg,Newcastle,Premier League,14,4,1214,0,Midfielder,6.472222,0,1,0,1,21,0,4,24,0,0,1632,43,43,79,1,36,66,6,5,0,0,2,0,7,0,0,0,0,0,2
Mario Ren√© Junior,Lemina,,30,Gabon,184 cm,85 kg,Newcastle,Premier League,19,5,437,0,Midfielder,6.593333,0,2,8,2,8,22,2,0,0,0,896,3,5,26,2,1,67,152,86,1,0,4,4,1,0,0,0,2,0,0
Kelland John William James,Watts,,24,England,192 cm,75 kg,Newcastle,Premier League,0,0,2204,0,Defender,6.760714,0,3,6,0,10,0,0,67,1,0,843,0,30,0,0,32,0,0,0,0,0,0,29,3,0,0,0,0,0,0
Dean Bradley,Henderson,,26,England,188 cm,85 kg,Nottingham Forest,Premier League,9,9,1620,0,Goalkeeper,6.844444,0,0,0,0,0,0,0,10,0,26,238,0,18,0,0,0,4,3,0,0,0,0,1,1,0,0,0,0,0,0
Anthony David,Junior Elanga,,21,Sweden,178 cm,70 kg,Nottingham Forest,Premier League,14,14,420,0,Midfielder,6.621428,0,0,5,7,0,5,1,0,1,0,299,6,16,1,0,23,52,43,12,5,0,23,22,1,0,0,0,0,0,0
Jesse Ellis,Lingard,,31,England,175 cm,62 kg,Nottingham Forest,Premier League,17,12,928,0,Midfielder,6.56875,0,5,10,5,4,2,0,0,0,0,282,11,14,4,0,5,50,20,10,6,0,9,8,1,0,0,0,0,0,0
Andr√© Morgan,Rami Ayew,,34,Ghana,175 cm,70 kg,Nottingham Forest,Premier League,13,1,305,0,Attacker,6.481818,0,12,1,12,3,2,0,0,0,0,72,1,5,5,1,0,62,28,5,1,0,8,3,1,0,0,0,0,1,0
Taiwo Micheal,Awoniyi,,26,Nigeria,183 cm,84 kg,Nottingham Forest,Premier League,27,17,667,0,Defender,6.963636,0,10,17,10,6,2,10,0,0,0,329,6,5,17,6,4,188,61,17,5,0,19,24,2,0,0,0,0,0,0
Samuel William,Surridge,,25,England,191 cm,77 kg,Nottingham Forest,Premier League,20,1,305,0,Attacker,6.452631,0,19,1,19,7,2,1,0,0,0,77,1,2,5,2,0,65,30,4,2,0,10,12,2,0,0,0,0,0,0
Miguel √Ångel,Almir√≥n Rejala,,29,Paraguay,174 cm,70 kg,Nottingham Forest,Premier League,34,0,2508,0,Goalkeeper,6.982352,0,0,23,5,44,21,11,0,2,0,932,0,23,47,2,10,232,118,66,32,0,33,22,2,0,0,0,0,0,0
Brennan Price,Johnson,,22,Wales,186 cm,73 kg,Nottingham Forest,Premier League,38,33,2941,0,Midfielder,6.8,0,7,12,0,46,27,8,0,3,0,441,29,7,34,1,32,287,116,102,31,0,21,37,6,0,0,0,1,2,0
Harry Stefano,Toffolo,,28,England,183 cm,71 kg,Nottingham Forest,Premier League,21,10,933,0,Midfielder,6.588888,0,4,9,11,5,5,0,0,0,0,245,7,8,30,8,10,75,65,6,3,0,5,10,2,0,0,0,0,0,0
Willy-Arnaud,Zobo Boly,,32,C√¥te d'Ivoire,195 cm,92 kg,Nottingham Forest,Premier League,21,9,687,0,Midfielder,6.82,0,0,3,11,1,2,1,0,1,0,291,1,11,30,4,12,53,38,8,1,0,5,5,2,0,0,0,0,0,0
Moussa,Niakhat√©,,27,Senegal,190 cm,82 kg,Nottingham Forest,Premier League,27,20,1166,0,Goalkeeper,6.688888,0,7,3,0,19,1,0,0,0,0,66,1,15,10,7,0,85,77,4,0,0,1,0,3,0,0,0,0,0,0
Danilo,dos Santos de Oliveira,,22,Brazil,176 cm,69 kg,Nottingham Forest,Premier League,13,4,982,0,Midfielder,6.907692,0,1,7,1,3,4,0,0,2,0,227,9,11,3,6,2,88,39,18,14,0,3,10,1,0,0,0,0,0,0
Serge,Aurier,,31,C√¥te d'Ivoire,176 cm,76 kg,Nottingham Forest,Premier League,24,22,1947,0,Defender,6.95,0,2,6,2,8,3,1,0,0,0,734,10,22,64,11,29,231,143,25,14,0,19,18,2,0,0,0,0,0,0
Felipe Augusto,de Almeida Monteiro,,34,Brazil,190 cm,83 kg,Nottingham Forest,Premier League,16,15,1419,0,Defender,6.98125,0,1,2,1,8,1,0,0,1,0,556,7,25,42,13,36,188,119,17,14,0,11,15,4,0,0,0,0,0,0
Joseph Adrian,Worrall,,26,England,193 cm,64 kg,Nottingham Forest,Premier League,30,21,2216,0,Defender,6.836666,0,9,19,2,7,18,1,0,5,0,1094,51,30,53,23,9,190,115,4,3,0,4,27,6,0,0,0,0,0,0
Nathaniel Edwin,Clyne,,32,England,175 cm,67 kg,Nottingham Forest,Premier League,18,18,1642,0,Defender,6.518181,0,3,5,3,0,0,0,31,0,55,562,7,17,0,4,0,3,2,0,0,0,1,1,2,0,0,0,0,0,0
Wout Felix Lina,Faes,,25,Belgium,187 cm,84 kg,Nottingham Forest,Premier League,31,31,2787,0,Defender,6.932258,0,0,0,2,11,3,1,0,2,0,1840,9,50,56,37,40,224,126,11,14,0,17,29,5,0,0,0,0,0,0
Steve Anthony,Cook,,32,England,185 cm,82 kg,Nottingham Forest,Premier League,11,4,492,0,Attacker,6.727272,0,14,16,7,36,0,2,0,0,0,326,3,30,9,0,5,54,83,3,11,0,2,2,4,0,0,0,0,0,0
Morgan Anthony,Gibbs-White,,23,England,171 cm,0,Nottingham Forest,Premier League,18,34,2978,0,Defender,7.008571,0,2,6,0,42,2,0,0,8,0,692,4,17,34,4,14,402,81,25,18,0,28,18,3,1,0,0,0,0,0
Theo James,Walcott,,34,England,176 cm,68 kg,Southampton,Premier League,20,13,1134,0,Attacker,6.545,0,7,11,7,15,8,2,0,2,0,240,15,8,13,1,9,99,44,22,12,0,10,7,1,0,0,0,0,0,0
Ibrahima,Diallo,,24,France,179 cm,68 kg,Southampton,Premier League,38,11,3420,0,Midfielder,6.505555,0,7,7,7,4,0,0,46,0,0,1475,4,23,25,1,1,22,18,13,1,0,7,18,4,0,0,0,0,0,0
Lyanco Evangelista,Silveira Neves Vojnoviƒá,,26,Brazil,187 cm,85 kg,Southampton,Premier League,18,11,819,0,Defender,6.823809,0,10,2,10,11,0,0,0,1,0,398,4,18,24,25,6,102,55,10,8,0,10,16,4,0,0,0,0,0,0
≈Åukasz Marek,Fabia≈Ñski,,38,Poland,190 cm,83 kg,Southampton,Premier League,28,36,3114,0,Defender,7.263157,0,4,2,0,33,20,9,48,0,0,773,0,33,65,0,55,23,135,0,0,0,9,0,6,0,0,0,0,0,0
Dwight James Matthew,McNeil,,24,England,183 cm,68 kg,Southampton,Premier League,26,28,2500,0,Attacker,6.815384,0,8,9,8,25,0,0,0,0,0,754,49,0,0,13,31,225,111,0,0,0,0,22,7,0,0,0,0,0,0
Rom√©o,Lavia,,19,Belgium,181 cm,0,Southampton,Premier League,29,26,344,0,Midfielder,6.77931,0,3,12,0,5,3,0,0,1,0,185,5,30,5,0,33,256,143,41,14,0,48,28,9,0,0,0,0,0,0
Oriol,Romeu Vidal,,32,Spain,183 cm,83 kg,Southampton,Premier League,7,6,529,0,Defender,6.928571,0,1,1,1,4,2,1,0,0,0,306,1,40,1,8,7,7,43,1,1,0,12,7,0,0,0,0,0,0,0
Jeroen,Houwen,,27,Netherlands,188 cm,73 kg,Southampton,Premier League,2,22,1838,0,Attacker,6.544827,0,0,0,1,13,0,2,0,0,0,4,15,0,51,25,31,0,92,0,0,0,0,0,0,0,0,0,0,0,0
Kyle Leonardus,Walker-Peters,,26,England,173 cm,62 kg,Southampton,Premier League,31,18,2653,0,Defender,6.564516,0,1,4,1,9,5,1,0,0,0,1015,15,25,61,1,27,5,167,88,49,0,41,25,4,0,0,0,0,0,0
Stuart,Armstrong,,31,Scotland,183 cm,75 kg,Southampton,Premier League,4,3,311,0,Midfielder,6.75,0,3,14,3,1,1,0,0,0,0,5,5,1,1,0,0,22,2,42,1,0,0,3,0,0,0,0,0,0,0
Mason Anthony,Holgate,,27,England,184 cm,63 kg,Southampton,Premier League,8,14,1403,0,Midfielder,6.590625,0,5,14,18,4,7,2,0,0,0,104,18,10,32,0,0,176,13,42,21,0,10,17,1,0,0,0,0,0,0
Ch√© Zach Everton Fred,Adams,,27,Scotland,175 cm,70 kg,Southampton,Premier League,32,14,507,0,Midfielder,6.576666,0,18,14,16,13,1,0,0,1,0,196,6,16,11,4,10,50,79,38,1,0,20,17,6,0,0,0,0,0,0
James Patrick,Bree,,26,England,178 cm,74 kg,Southampton,Premier League,8,4,1334,0,Defender,6.56,0,3,10,1,2,12,2,0,0,0,285,11,16,14,1,5,133,25,29,13,0,4,38,2,0,0,0,0,0,0
Flynn,Downes,,24,England,173 cm,70 kg,Southampton,Premier League,30,7,1998,0,Attacker,6.6,0,16,2,14,36,15,5,0,3,0,481,24,7,17,2,6,25,41,3,16,0,9,8,2,0,0,0,0,0,0
Gavin Okeroghene,Bazunu,,21,Republic of Ireland,189 cm,79 kg,Southampton,Premier League,21,32,754,0,Midfielder,6.571875,0,1,10,0,2,1,0,0,0,0,327,2,15,31,0,10,195,16,38,17,0,12,1,2,0,0,0,0,0,0
S√©kou,Mara,,21,France,184 cm,0,Southampton,Premier League,21,4,1226,0,Midfielder,6.60909,0,8,0,18,0,8,2,56,0,0,375,9,13,1,0,1,19,38,29,0,0,13,20,2,0,0,0,0,0,0
Carlos Jon√°s,Alcaraz Dur√°n,,21,Argentina,176 cm,68 kg,Southampton,Premier League,32,13,2880,0,Goalkeeper,6.561111,0,18,4,5,15,0,0,0,2,69,103,1,17,10,5,1,158,91,24,13,0,2,16,0,0,0,0,0,0,0
Kamaldeen,Sulemana,,21,Ghana,175 cm,70 kg,Southampton,Premier League,18,10,1035,0,Attacker,6.733333,0,5,11,8,20,5,1,0,2,0,283,6,3,15,0,6,139,58,65,13,0,6,9,1,0,0,0,0,0,0
Samuel Ikechukwu,Edozie,,20,England,181 cm,0,Southampton,Premier League,18,5,559,0,Midfielder,6.57647,0,8,8,12,4,7,4,0,1,0,244,5,13,17,0,6,146,47,28,34,0,17,1,1,0,0,0,0,0,0
Tanguy,Ndomb√©l√© Alvaro,,27,France,181 cm,76 kg,Tottenham,Premier League,3,12,739,0,Midfielder,6.59375,0,0,0,1,3,0,0,0,0,0,2,30,0,1,0,11,1,60,36,0,0,0,0,1,0,0,0,0,0,0
Matthew James,Doherty,,31,Republic of Ireland,185 cm,80 kg,Tottenham,Premier League,12,7,1052,0,Defender,6.784615,0,1,5,5,1,1,1,0,0,0,787,1,22,16,11,8,77,45,9,5,0,7,11,0,0,0,0,0,0,0
Emmanuel Bonaventure,Dennis,,26,Nigeria,175 cm,67 kg,Tottenham,Premier League,19,6,714,0,Attacker,6.666666,0,13,6,13,13,7,0,0,2,0,168,7,30,17,1,2,164,75,42,2,0,29,7,1,0,0,0,0,0,0
Heung-Min,Son,,31,Korea Republic,184 cm,77 kg,Tottenham,Premier League,36,33,2899,0,Attacker,7.072222,0,3,14,3,56,40,10,0,6,0,785,63,17,24,2,13,255,101,72,32,0,0,13,2,0,0,0,0,0,0
Rodrigo,Bentancur Colm√°n,,26,Uruguay,187 cm,72 kg,Tottenham,Premier League,19,4,560,0,Attacker,6.763157,0,15,3,15,9,7,4,0,0,0,199,11,40,21,0,5,88,47,34,19,0,8,5,8,0,0,0,0,0,0
Giovani,Lo Celso,,27,Argentina,177 cm,68 kg,Tottenham,Premier League,18,0,1506,0,Midfielder,7.227777,0,1,7,1,12,9,5,0,2,0,857,0,0,45,0,20,166,88,31,20,0,0,24,0,0,0,0,0,0,0
James Daniel,Maddison,,27,England,175 cm,73 kg,Tottenham,Premier League,4,28,1006,0,Attacker,6.55,0,2,2,2,22,1,1,0,1,0,263,16,7,3,1,1,167,7,30,2,0,22,2,3,0,0,0,1,1,0
Yves,Bissouma,,27,Mali,182 cm,80 kg,Tottenham,Premier League,27,10,2485,0,Attacker,6.680769,0,15,11,15,53,14,10,0,3,0,1013,8,26,21,6,5,318,72,85,11,0,79,14,10,0,0,0,0,0,0
Kouassi Ryan,Sessegnon,,23,England,178 cm,70 kg,Tottenham,Premier League,30,9,811,0,Midfielder,7.34,0,2,7,2,4,0,2,0,9,0,727,6,31,51,1,13,82,179,9,7,0,10,17,6,0,0,0,0,0,0
Dejan,Kulusevski,,23,Sweden,186 cm,80 kg,Tottenham,Premier League,38,23,2079,0,Defender,7.015789,0,0,19,0,22,10,2,0,7,0,2396,47,19,38,0,19,305,190,1,50,0,25,36,5,0,0,0,0,0,0
Hugo Hadrien Dominique,Lloris,,37,France,188 cm,82 kg,Tottenham,Premier League,25,0,2206,0,Goalkeeper,6.788,0,0,1,0,0,0,0,39,0,79,616,0,18,1,0,1,17,120,0,0,0,2,0,0,0,0,0,0,0,1
Alfie Malik,Whiteman,,25,England,189 cm,84 kg,Tottenham,Premier League,0,26,2817,0,Goalkeeper,0,0,5,0,0,0,0,0,0,0,0,0,0,0,0,8,0,0,121,0,5,0,0,0,0,0,0,0,0,0,0
Benjamin Thomas,Davies,,30,Wales,181 cm,77 kg,Tottenham,Premier League,31,31,1496,0,Defender,6.817241,0,2,6,5,13,5,2,0,2,0,1182,20,31,28,24,18,227,69,12,1,0,17,25,4,0,0,0,0,0,0
Eric Jeremy Edgar,Dier,,29,England,188 cm,83 kg,Tottenham,Premier League,33,18,2664,0,Defender,6.851515,0,2,10,2,9,4,2,0,1,0,1978,7,53,30,8,35,195,222,3,11,0,10,23,3,0,0,0,0,0,0
Oliver William,Skipp,,23,England,175 cm,70 kg,Tottenham,Premier League,23,30,1736,0,Midfielder,6.605,0,6,5,2,4,3,1,0,1,0,757,10,29,34,7,17,152,129,14,52,0,17,65,7,0,0,0,0,0,0
Emerson Aparecido,Leite de Souza J√∫nior,,24,Brazil,181 cm,79 kg,Tottenham,Premier League,26,35,1885,0,Defender,7.14,0,10,19,0,13,35,2,0,5,0,862,9,28,54,17,18,217,73,23,30,0,33,21,2,1,0,0,0,0,0
Pierre-Emile Kordt,Hoijberg,,28,Denmark,187 cm,84 kg,Tottenham,Premier League,35,21,2735,0,Midfielder,6.98387,0,0,9,10,24,8,4,0,5,0,2256,30,57,57,0,49,281,225,42,44,0,31,45,5,0,0,0,3,0,0
Fraser Gerard,Forster,,35,England,201 cm,93 kg,Tottenham,Premier League,27,12,1270,0,Attacker,6.54,0,15,5,15,0,9,0,0,0,0,291,2,14,1,5,0,45,113,5,1,0,30,26,1,0,0,0,0,0,0
Pedro Antonio,Porro Sauceda,,24,Spain,173 cm,69 kg,Tottenham,Premier League,15,13,1137,0,Defender,6.937037,0,2,7,2,10,7,0,0,3,0,1584,8,51,68,2,44,134,56,21,14,0,16,12,0,0,0,0,0,0,0
Japhet Manzambi,Tanganga,,24,England,184 cm,76 kg,Tottenham,Premier League,5,29,2329,0,Midfielder,6.46,0,6,1,2,21,0,0,0,0,0,900,0,29,3,10,2,24,130,4,12,0,29,3,7,0,0,0,0,0,0
Harry Edward,Kane,,30,England,188 cm,86 kg,Tottenham,Premier League,38,3,3408,0,Attacker,7.439473,0,0,3,0,100,0,30,0,3,0,851,57,16,5,7,2,407,174,90,37,0,56,31,6,0,0,0,5,1,0
Mohamed Saed,Benrahma,,28,Algeria,172 cm,67 kg,West Ham,Premier League,35,7,771,0,Attacker,6.845714,0,13,3,10,0,14,6,0,3,0,158,9,6,10,1,1,234,40,107,9,0,15,16,0,0,0,0,2,0,0
Illan St√©phane,Meslier,,23,France,197 cm,74 kg,West Ham,Premier League,34,0,1426,0,Defender,0,0,4,0,0,0,0,0,0,0,0,783,0,2,38,0,0,0,0,0,0,0,0,12,5,0,0,0,0,0,0
Nayef,Aguerd,,27,Morocco,190 cm,76 kg,West Ham,Premier League,18,17,1595,0,Defender,6.944444,0,1,1,1,9,2,2,0,0,0,759,6,33,27,24,18,124,71,4,4,0,8,8,4,0,0,0,0,0,0
Lewis,Brunt,,23,England,0,0,West Ham,Premier League,1,0,393,0,Midfielder,6.3,0,1,0,0,0,4,0,0,0,0,185,0,12,11,2,6,82,1,23,10,0,1,0,0,0,0,0,0,0,0
Tom√°≈°,Souƒçek,,28,Czechia,192 cm,86 kg,West Ham,Premier League,36,0,2819,0,Midfielder,6.894444,0,4,8,4,27,13,2,0,3,0,974,15,19,77,17,0,294,209,14,0,0,0,20,3,0,0,0,0,0,0
Daniel William John,Ings,,31,England,178 cm,73 kg,West Ham,Premier League,18,6,602,0,Attacker,6.872222,0,10,0,10,0,14,2,0,0,0,158,9,6,1,3,1,86,40,15,9,0,5,8,3,0,0,0,0,0,0
Jarrod,Bowen,,27,England,175 cm,70 kg,West Ham,Premier League,38,8,819,0,Attacker,6.871052,0,2,14,13,21,27,6,0,5,0,700,48,16,10,1,9,416,96,90,51,0,69,26,2,0,0,0,2,1,0
Daniel Peter James,Chesters,,21,England,177 cm,68 kg,West Ham,Premier League,0,0,3128,0,Midfielder,0,0,0,0,0,0,0,0,0,0,0,0,0,0,38,0,0,0,0,0,0,0,0,0,0,0,0,0,0,0,0
Alphonse Francis,Areola,,30,France,195 cm,94 kg,West Ham,Premier League,5,2,306,0,Goalkeeper,6.5,0,3,0,3,0,0,0,7,0,9,77,0,10,0,0,0,1,0,0,0,0,0,1,0,0,0,0,0,0,3
Jan Thilo,Kehrer,,27,Germany,186 cm,76 kg,West Ham,Premier League,27,25,2230,0,Defender,6.722222,0,2,2,2,5,1,0,0,2,0,994,8,31,44,6,34,194,100,9,8,0,12,31,4,0,0,0,0,0,0
Vladim√≠r,Coufal,,31,Czechia,179 cm,76 kg,West Ham,Premier League,28,24,2139,0,Defender,6.838461,0,3,6,3,4,1,0,0,1,0,810,27,12,58,6,38,215,122,37,3,0,21,30,5,0,0,0,0,0,0
Lucas,Tolentino Coelho de Lima,,26,Brazil,180 cm,72 kg,West Ham,Premier League,22,17,2170,0,Midfielder,6.896428,0,1,20,15,38,16,4,0,1,0,1125,32,17,71,2,16,353,169,20,32,0,30,14,5,0,0,0,0,0,0
Pablo,Fornals Malla,,27,Spain,178 cm,67 kg,West Ham,Premier League,0,16,1502,0,Defender,6.8,0,6,14,6,22,7,3,0,0,0,701,20,22,30,4,14,143,58,20,10,0,7,13,0,0,0,0,0,0,0
Emerson,Palmieri dos Santos,,29,Italy,176 cm,63 kg,West Ham,Premier League,25,0,1321,0,Defender,6.665,0,1,7,0,7,5,1,0,0,0,582,14,22,26,4,15,123,65,20,6,0,7,13,2,0,0,0,0,0,0
James Michael Edward,Ward-Prowse,,29,England,173 cm,66 kg,West Ham,Premier League,36,38,1991,0,Midfielder,6.872,0,0,3,0,16,6,2,0,4,0,826,1,12,9,10,30,293,73,19,7,0,4,34,0,0,0,0,2,0,3
Aaron William,Cresswell,,34,England,170 cm,66 kg,West Ham,Premier League,16,24,2235,0,Defender,6.725,0,3,3,4,0,0,0,0,1,108,1120,40,20,2,11,0,125,21,6,2,0,4,9,1,0,0,0,0,0,0
Angelo,Obinze Ogbonna,,35,Italy,191 cm,86 kg,West Ham,Premier League,17,13,1236,0,Defender,6.593333,0,8,4,3,3,1,0,0,0,0,415,3,22,21,7,27,80,50,0,8,0,5,2,3,0,0,0,0,0,0
Benjamin Anthony,Johnson,,23,England,175 cm,67 kg,West Ham,Premier League,20,9,859,0,Attacker,6.96,0,13,2,13,2,0,0,0,2,0,456,3,8,11,4,17,80,49,14,31,0,15,3,0,0,0,0,0,0,0
Julio C√©sar,Enciso Esp√≠nola,,19,Paraguay,168 cm,64 kg,West Ham,Premier League,33,7,800,0,Midfielder,6.896875,0,9,1,9,30,1,0,0,5,0,242,13,23,20,0,9,136,65,56,57,0,27,13,0,0,0,0,0,0,0
Declan,Rice,,24,England,185 cm,84 kg,West Ham,Premier League,37,36,1282,0,Defender,6.68421,0,3,3,15,26,9,4,0,2,0,2083,37,45,79,0,14,278,162,58,35,0,11,6,2,0,0,0,0,1,0
Ryan James,Yates,,26,England,190 cm,87 kg,West Ham,Premier League,8,8,1417,0,Attacker,6.7875,0,0,7,2,5,4,1,0,1,0,106,3,30,5,6,6,47,75,1,0,0,3,6,2,0,0,0,1,0,0
Joseph Oluwaseyi Temitope,Ayodele-Aribo,,27,Nigeria,183 cm,76 kg,West Ham,Premier League,28,13,368,0,Defender,6.685714,0,5,5,8,1,1,0,0,0,0,139,4,21,5,1,7,70,121,1,1,0,0,10,1,0,0,0,0,0,0
Leander,Dendoncker,,28,Belgium,188 cm,83 kg,Wolves,Premier League,31,2,2351,0,Midfielder,6.67037,0,2,11,0,1,3,0,0,0,0,992,5,13,9,4,18,56,146,0,2,0,2,33,0,0,0,0,0,0,0
R√∫ben Diogo,da Silva Neves,,26,Portugal,180 cm,80 kg,Wolves,Premier League,31,33,3020,0,Midfielder,7.248571,0,2,3,1,10,3,0,0,1,0,2034,32,38,79,0,18,264,139,26,17,0,2,38,12,0,0,0,0,0,0
Gon√ßalo Manuel,Ganchinho Guedes,,27,Portugal,179 cm,68 kg,Wolves,Premier League,7,4,520,0,Attacker,6.846153,0,5,7,6,13,1,0,0,0,0,172,9,12,8,0,6,82,44,7,5,0,5,11,2,0,0,0,0,0,0
Matheus Santos,Carneiro da Cunha,,24,Brazil,184 cm,76 kg,Wolves,Premier League,17,12,971,0,Attacker,6.581818,0,5,11,5,3,1,2,0,0,0,215,0,9,7,2,9,147,61,34,26,0,21,20,1,0,0,0,0,0,0
Rayan,A√Øt-Nouri,,22,Algeria,179 cm,70 kg,Wolves,Premier League,21,9,1068,0,Defender,6.628571,0,12,5,12,8,5,1,0,0,0,473,7,18,33,0,9,149,83,43,25,0,11,15,4,0,0,0,0,0,0
Tote Ant√≥nio,Gomes,,24,Portugal,187 cm,72 kg,Wolves,Premier League,21,9,980,0,Defender,6.847058,0,7,3,12,5,2,1,0,0,0,496,4,24,15,8,11,149,46,43,9,0,5,16,6,0,0,0,0,0,0
Scott,Fraser McKenna,,27,Scotland,189 cm,74 kg,Wolves,Premier League,17,10,1573,0,Defender,6.678947,0,1,3,7,2,0,0,0,0,0,700,8,27,12,14,12,91,57,15,5,0,4,8,4,0,0,0,0,0,0
Jo√£o Filipe,Iria Santos Moutinho,,37,Portugal,170 cm,61 kg,Wolves,Premier League,24,20,1784,0,Midfielder,6.883333,0,11,14,2,76,35,14,0,1,0,489,36,27,51,22,3,174,177,15,8,0,18,31,3,0,0,0,4,0,0
Diego,da Silva Costa,,35,Spain,188 cm,83 kg,Wolves,Premier League,23,16,1248,0,Attacker,6.495652,0,7,14,7,22,15,0,0,0,0,215,11,7,3,0,1,172,48,10,5,0,10,29,5,0,0,0,0,0,0
Youri Marion A.,Tielemans,,26,Belgium,176 cm,72 kg,Wolves,Premier League,38,27,2420,0,Midfielder,6.589473,0,4,0,0,1,0,0,0,2,0,0,30,41,0,8,10,56,0,53,23,0,44,7,4,0,0,0,1,1,0
Pedro,Lomba Neto,,23,Portugal,172 cm,62 kg,Wolves,Premier League,18,13,970,0,Attacker,6.6875,0,5,11,5,9,3,0,0,0,0,312,21,15,11,1,4,111,44,48,18,0,15,8,2,0,0,0,0,0,0
Pablo,Sarabia Garc√≠a,,31,Spain,174 cm,70 kg,Wolves,Premier League,13,9,768,0,Midfielder,6.584615,0,4,7,4,13,5,1,0,0,0,314,11,18,12,0,2,81,25,11,2,0,8,13,3,0,0,0,0,0,0
Nathan Michael,Collins,,22,Republic of Ireland,193 cm,0,Wolves,Premier League,26,19,1808,0,Defender,6.804166,0,7,0,7,2,0,0,0,0,0,1129,2,41,27,28,21,145,80,7,7,0,9,17,2,1,0,0,0,0,0
Hee-Chan,Hwang,,27,Korea Republic,177 cm,77 kg,Wolves,Premier League,27,12,1128,0,Attacker,6.614814,0,15,11,15,13,7,3,0,1,0,264,10,7,20,2,5,154,58,25,12,0,19,20,1,0,0,0,0,0,0
Jo√£o Victor,Gomes da Silva,,22,Brazil,173 cm,74 kg,Wolves,Premier League,11,7,651,0,Midfielder,6.827272,0,4,3,4,2,2,1,0,0,0,312,5,22,29,3,4,103,60,15,8,0,16,17,5,0,0,0,0,0,0
N√©lson,Cabral Semedo,,30,Portugal,177 cm,67 kg,Wolves,Premier League,36,31,2635,0,Defender,6.580555,0,5,7,5,4,0,0,0,1,0,1208,11,27,71,15,29,323,158,66,33,0,24,47,11,1,0,0,0,0,0
Jos√© Pedro,Malheiro de S√°,,30,Portugal,192 cm,84 kg,Wolves,Premier League,36,31,2635,0,Defender,0,0,5,0,5,0,0,1,0,0,108,1208,0,27,71,0,29,19,158,66,33,0,0,1,2,1,0,0,0,0,2
Maximilian William,Kilman,,26,England,194 cm,89 kg,Wolves,Premier League,0,37,3308,0,Defender,6.605555,0,0,1,2,6,1,5,0,0,0,257,5,19,13,42,19,157,34,1,13,0,12,13,3,0,0,0,0,0,0
Craig,Dawson,,33,England,188 cm,82 kg,Wolves,Premier League,17,17,1306,0,Midfielder,6.7875,0,0,0,14,8,22,0,0,0,0,896,3,29,26,8,14,47,152,1,0,0,9,4,4,0,0,0,1,0,0
Daniel Ian,Bentley,,30,England,188 cm,73 kg,Wolves,Premier League,26,21,1839,0,Midfielder,6.711538,0,5,0,0,6,4,0,0,0,0,647,1,17,5,8,6,216,123,1,3,0,3,6,5,0,0,0,0,0,0
Boubacar,Traor√©,,22,Mali,183 cm,67 kg,Wolves,Premier League,16,5,406,0,Defender,6.584615,0,6,2,0,9,0,0,0,1,0,121,1,6,18,2,19,54,25,8,4,0,7,3,0,0,0,0,0,0,0
Hugo,Bueno L√≥pez,,21,Spain,180 cm,73 kg,Wolves,Premier League,21,12,1314,0,Defender,6.63,0,5,9,5,2,0,0,0,1,0,503,16,11,12,1,10,126,63,27,13,0,7,4,1,0,0,0,0,0,0
Ra√∫l Alonso,Jim√©nez Rodr√≠guez,,32,Mexico,190 cm,76 kg,Wolves,Premier League,15,8,842,0,Attacker,6.72,0,7,9,22,17,8,0,0,1,0,189,24,8,14,0,3,112,133,9,5,0,14,14,0,0,0,0,0,0,0
Adama,Traor√© Diarra,,27,Spain,178 cm,86 kg,Wolves,Premier League,34,12,1483,0,Attacker,6.714705,0,22,0,1,15,0,2,0,0,9,410,0,16,1,0,0,2,2,80,46,0,34,21,2,0,0,0,0,0,0
Conor David,Coady,,30,England,185 cm,80 kg,Wolves,Premier League,24,23,2096,0,Defender,6.770833,0,1,0,0,3,3,1,0,1,0,1200,4,42,14,17,14,97,52,2,0,0,13,11,2,0,0,0,0,0,0
Daniel,Castelo Podence,,28,Portugal,165 cm,58 kg,Wolves,Premier League,32,20,1771,0,Midfielder,6.715625,0,12,12,12,34,18,6,0,0,0,71,36,13,27,0,7,203,77,55,21,0,23,26,5,0,0,0,0,0,0
